Using pre-set license
Built from '6000.0/staging' branch; Version is '6000.0.58f1 (44b8bf3a3225) revision 4503743'; Using compiler version '193933523'; Build Type 'Release'
OS: 'Windows 10  (10.0.19045) 64bit Core' Language: 'en' Physical Memory: 32645 MB
BatchMode: 1, IsHumanControllingUs: 0, StartBugReporterOnCrash: 0, Is64bit: 1
Date: 2025-10-19T02:28:42Z

COMMAND LINE ARGUMENTS:
D:\Unity\6000.0.58f1\Editor\Unity.exe
-adb2
-batchMode
-noUpm
-name
AssetImportWorker24
-projectPath
C:/Users/PokeM/OneDrive/Documents/GitHub/CS4555-3D-Project/Rollaball
-logFile
Logs/AssetImportWorker24.log
-srvPort
53661
-job-worker-count
5
-background-job-worker-count
8
-gc-helper-count
1
-name
AssetImport
Successfully changed project path to: C:/Users/PokeM/OneDrive/Documents/GitHub/CS4555-3D-Project/Rollaball
C:/Users/PokeM/OneDrive/Documents/GitHub/CS4555-3D-Project/Rollaball
[UnityMemory] Configuration Parameters - Can be set up in boot.config
    "memorysetup-bucket-allocator-granularity=16"
    "memorysetup-bucket-allocator-bucket-count=8"
    "memorysetup-bucket-allocator-block-size=33554432"
    "memorysetup-bucket-allocator-block-count=8"
    "memorysetup-main-allocator-block-size=16777216"
    "memorysetup-thread-allocator-block-size=16777216"
    "memorysetup-gfx-main-allocator-block-size=16777216"
    "memorysetup-gfx-thread-allocator-block-size=16777216"
    "memorysetup-cache-allocator-block-size=4194304"
    "memorysetup-typetree-allocator-block-size=2097152"
    "memorysetup-profiler-bucket-allocator-granularity=16"
    "memorysetup-profiler-bucket-allocator-bucket-count=8"
    "memorysetup-profiler-bucket-allocator-block-size=33554432"
    "memorysetup-profiler-bucket-allocator-block-count=8"
    "memorysetup-profiler-allocator-block-size=16777216"
    "memorysetup-profiler-editor-allocator-block-size=1048576"
    "memorysetup-temp-allocator-size-main=16777216"
    "memorysetup-job-temp-allocator-block-size=2097152"
    "memorysetup-job-temp-allocator-block-size-background=1048576"
    "memorysetup-job-temp-allocator-reduction-small-platforms=262144"
    "memorysetup-allocator-temp-initial-block-size-main=262144"
    "memorysetup-allocator-temp-initial-block-size-worker=262144"
    "memorysetup-temp-allocator-size-background-worker=32768"
    "memorysetup-temp-allocator-size-job-worker=262144"
    "memorysetup-temp-allocator-size-preload-manager=33554432"
    "memorysetup-temp-allocator-size-nav-mesh-worker=65536"
    "memorysetup-temp-allocator-size-audio-worker=65536"
    "memorysetup-temp-allocator-size-cloud-worker=32768"
    "memorysetup-temp-allocator-size-gi-baking-worker=262144"
    "memorysetup-temp-allocator-size-gi-baking-worker=262144"
    "memorysetup-temp-allocator-size-gi-baking-worker=262144"
    "memorysetup-temp-allocator-size-gi-baking-worker=262144"
    "memorysetup-temp-allocator-size-gi-baking-worker=262144"
    "memorysetup-temp-allocator-size-gfx=262144"
Player connection [33828]  Target information:

Player connection [33828]  * "[IP] 192.168.1.83 [Port] 0 [Flags] 2 [Guid] 2282570850 [EditorId] 2282570850 [Version] 1048832 [Id] WindowsEditor(7,Hiyokurenri) [Debug] 1 [PackageName] WindowsEditor [ProjectName] Editor" 

Player connection [33828]  * "[IP] 172.17.112.1 [Port] 0 [Flags] 2 [Guid] 2282570850 [EditorId] 2282570850 [Version] 1048832 [Id] WindowsEditor(7,Hiyokurenri) [Debug] 1 [PackageName] WindowsEditor [ProjectName] Editor" 

Player connection [33828] Host joined multi-casting on [225.0.0.222:54997]...
Player connection [33828] Host joined alternative multi-casting on [225.0.0.222:34997]...
JobSystem: Creating JobQueue using job-worker-count value 5
Input System module state changed to: Initialized.
[Physics::Module] Initialized fallback backend.
[Physics::Module] Id: 0xdecafbad
Library Redirect Path: Library/
[Physics::Module] Selected backend.
[Physics::Module] Name: PhysX
[Physics::Module] Id: 0xf2b8ea05
[Physics::Module] SDK Version: 4.1.2
[Physics::Module] Integration Version: 1.0.0
[Physics::Module] Threading Mode: Multi-Threaded
Refreshing native plugins compatible for Editor in 8.35 ms, found 7 plugins.
Preloading 0 native plugins for Editor in 0.00 ms.
Initialize engine version: 6000.0.58f1 (44b8bf3a3225)
[Subsystems] Discovering subsystems at path D:/Unity/6000.0.58f1/Editor/Data/Resources/UnitySubsystems
[Subsystems] Discovering subsystems at path C:/Users/PokeM/OneDrive/Documents/GitHub/CS4555-3D-Project/Rollaball/Assets
GfxDevice: creating device client; kGfxThreadingModeNonThreaded
Direct3D:
    Version:  Direct3D 11.0 [level 11.1]
    Renderer: NVIDIA GeForce RTX 2080 (ID=0x1e82)
    Vendor:   NVIDIA
    VRAM:     7989 MB
    Driver:   32.0.15.7697
Initialize mono
Mono path[0] = 'D:/Unity/6000.0.58f1/Editor/Data/Managed'
Mono path[1] = 'D:/Unity/6000.0.58f1/Editor/Data/MonoBleedingEdge/lib/mono/unityjit-win32'
Mono config path = 'D:/Unity/6000.0.58f1/Editor/Data/MonoBleedingEdge/etc'
Using monoOptions --debugger-agent=transport=dt_socket,embedding=1,server=y,suspend=n,address=127.0.0.1:56344
Begin MonoManager ReloadAssembly
Registering precompiled unity dll's ...
Register platform support module: D:/Unity/6000.0.58f1/Editor/Data/PlaybackEngines/WebGLSupport/UnityEditor.WebGL.Extensions.dll
Register platform support module: D:/Unity/6000.0.58f1/Editor/Data/PlaybackEngines/WindowsStandaloneSupport/UnityEditor.WindowsStandalone.Extensions.dll
Registered in 0.007784 seconds.
- Loaded All Assemblies, in  0.945 seconds
Native extension for WindowsStandalone target not found
Native extension for WebGL target not found
Mono: successfully reloaded assembly
- Finished resetting the current domain, in  1.092 seconds
Domain Reload Profiling: 2036ms
	BeginReloadAssembly (300ms)
		ExecutionOrderSort (0ms)
		DisableScriptedObjects (0ms)
		BackupInstance (0ms)
		ReleaseScriptingObjects (0ms)
		CreateAndSetChildDomain (1ms)
	RebuildCommonClasses (92ms)
	RebuildNativeTypeToScriptingClass (30ms)
	initialDomainReloadingComplete (99ms)
	LoadAllAssembliesAndSetupDomain (422ms)
		LoadAssemblies (299ms)
		RebuildTransferFunctionScriptingTraits (0ms)
		AnalyzeDomain (416ms)
			TypeCache.Refresh (413ms)
				TypeCache.ScanAssembly (381ms)
			BuildScriptInfoCaches (0ms)
			ResolveRequiredComponents (1ms)
	FinalizeReload (1093ms)
		ReleaseScriptCaches (0ms)
		RebuildScriptCaches (0ms)
		SetupLoadedEditorAssemblies (986ms)
			LogAssemblyErrors (0ms)
			InitializePlatformSupportModulesInManaged (72ms)
			SetLoadedEditorAssemblies (14ms)
			BeforeProcessingInitializeOnLoad (184ms)
			ProcessInitializeOnLoadAttributes (596ms)
			ProcessInitializeOnLoadMethodAttributes (120ms)
			AfterProcessingInitializeOnLoad (0ms)
			EditorAssembliesLoaded (0ms)
		ExecutionOrderSort2 (0ms)
		AwakeInstancesAfterBackupRestoration (0ms)
========================================================================
Worker process is ready to serve import requests
Import Worker Mode flag is 0x00
Begin MonoManager ReloadAssembly
- Loaded All Assemblies, in  2.169 seconds
Refreshing native plugins compatible for Editor in 6.98 ms, found 7 plugins.
Native extension for WindowsStandalone target not found
Native extension for WebGL target not found
Package Manager log level set to [2]
[Package Manager] Failed to launch server process. Reason: Unity was launched with the -noUpm command-line argument
[Package Manager] Unable to send message (not connected to server process).
[Package Manager] Cannot connect to Unity Package Manager local server
Mono: successfully reloaded assembly
- Finished resetting the current domain, in  2.039 seconds
Domain Reload Profiling: 4198ms
	BeginReloadAssembly (575ms)
		ExecutionOrderSort (0ms)
		DisableScriptedObjects (27ms)
		BackupInstance (0ms)
		ReleaseScriptingObjects (0ms)
		CreateAndSetChildDomain (117ms)
	RebuildCommonClasses (108ms)
	RebuildNativeTypeToScriptingClass (28ms)
	initialDomainReloadingComplete (93ms)
	LoadAllAssembliesAndSetupDomain (1354ms)
		LoadAssemblies (978ms)
		RebuildTransferFunctionScriptingTraits (0ms)
		AnalyzeDomain (716ms)
			TypeCache.Refresh (516ms)
				TypeCache.ScanAssembly (484ms)
			BuildScriptInfoCaches (139ms)
			ResolveRequiredComponents (52ms)
	FinalizeReload (2040ms)
		ReleaseScriptCaches (0ms)
		RebuildScriptCaches (0ms)
		SetupLoadedEditorAssemblies (1603ms)
			LogAssemblyErrors (0ms)
			InitializePlatformSupportModulesInManaged (5ms)
			SetLoadedEditorAssemblies (9ms)
			BeforeProcessingInitializeOnLoad (259ms)
			ProcessInitializeOnLoadAttributes (1213ms)
			ProcessInitializeOnLoadMethodAttributes (111ms)
			AfterProcessingInitializeOnLoad (4ms)
			EditorAssembliesLoaded (0ms)
		ExecutionOrderSort2 (0ms)
		AwakeInstancesAfterBackupRestoration (19ms)
WARNING: Shader Unsupported: 'Hidden/Builtin_TerrainVisualization' - All subshaders removed
WARNING: Shader Did you use #pragma only_renderers and omit this platform?
WARNING: Shader If subshaders removal was intentional, you may have forgotten turning Fallback off?
WARNING: Shader Unsupported: 'Hidden/Builtin_TerrainVisualization' - All subshaders removed
WARNING: Shader Did you use #pragma only_renderers and omit this platform?
WARNING: Shader If subshaders removal was intentional, you may have forgotten turning Fallback off?
Launched and connected shader compiler UnityShaderCompiler.exe after 0.04 seconds
Refreshing native plugins compatible for Editor in 6.64 ms, found 7 plugins.
Preloading 0 native plugins for Editor in 0.00 ms.
Unloading 37 Unused Serialized files (Serialized files now loaded: 0)
Unloading 6664 unused Assets / (4.7 MB). Loaded Objects now: 7413.
Memory consumption went from 150.7 MB to 146.1 MB.
Total: 72.532000 ms (FindLiveObjects: 1.415600 ms CreateObjectMapping: 49.256200 ms MarkObjects: 16.924100 ms  DeleteObjects: 4.934700 ms)

========================================================================
Received Import Request.
  Time since last request: 153812.495220 seconds.
  path: Assets/HQP STUDIOS/Rocks and Terrains Pack - Low Poly/Prefabs/Rocks/Flat Rocks/Flat Rocks/Flat_Rock_19.prefab
  artifactKey: Guid(3ff1e3e1cd92663458456de742090b44) Importer(815301076,1909f56bfc062723c751e8b465ee728b)
Start importing Assets/HQP STUDIOS/Rocks and Terrains Pack - Low Poly/Prefabs/Rocks/Flat Rocks/Flat Rocks/Flat_Rock_19.prefab using Guid(3ff1e3e1cd92663458456de742090b44) Importer(815301076,1909f56bfc062723c751e8b465ee728b) (PreviewImporter) -> (artifact id: '540fb3e2299a5c9ae64009220d9e961f') in 2.6259597 seconds
Number of updated asset objects reloaded before import = 0Number of asset objects unloaded after import = 15

========================================================================
Received Import Request.
  Time since last request: 0.000054 seconds.
  path: Assets/HQP STUDIOS/Rocks and Terrains Pack - Low Poly/Models/Rocks/Tiles/Snow Tiles/Tile_Snow_Rock_21.fbx
  artifactKey: Guid(3028e812f2424a741a5074dbfd644ffb) Importer(815301076,1909f56bfc062723c751e8b465ee728b)
Start importing Assets/HQP STUDIOS/Rocks and Terrains Pack - Low Poly/Models/Rocks/Tiles/Snow Tiles/Tile_Snow_Rock_21.fbx using Guid(3028e812f2424a741a5074dbfd644ffb) Importer(815301076,1909f56bfc062723c751e8b465ee728b) (PreviewImporter) -> (artifact id: '2c783aba5dc1b384582d3ca64c315e06') in 0.2227804 seconds
Number of updated asset objects reloaded before import = 0Number of asset objects unloaded after import = 9

========================================================================
Received Import Request.
  Time since last request: 0.000059 seconds.
  path: Assets/HQP STUDIOS/Rocks and Terrains Pack - Low Poly/Prefabs/Rocks/Tiles/Snow Tiles/Tile_Snow_Rock_11.prefab
  artifactKey: Guid(2bb6eb3deb1142d4f8d301c78176d05b) Importer(815301076,1909f56bfc062723c751e8b465ee728b)
Start importing Assets/HQP STUDIOS/Rocks and Terrains Pack - Low Poly/Prefabs/Rocks/Tiles/Snow Tiles/Tile_Snow_Rock_11.prefab using Guid(2bb6eb3deb1142d4f8d301c78176d05b) Importer(815301076,1909f56bfc062723c751e8b465ee728b) (PreviewImporter) -> (artifact id: '2e692688b8d552054783f83a468df4c3') in 0.0370437 seconds
Number of updated asset objects reloaded before import = 0Number of asset objects unloaded after import = 15

========================================================================
Received Import Request.
  Time since last request: 0.000046 seconds.
  path: Assets/HQP STUDIOS/Rocks and Terrains Pack - Low Poly/Models/Rocks/Block Rocks/Snow Block Rocks/Block_Snow_Rock_25.fbx
  artifactKey: Guid(c3bb08700d518704690d457efe6b155d) Importer(815301076,1909f56bfc062723c751e8b465ee728b)
Start importing Assets/HQP STUDIOS/Rocks and Terrains Pack - Low Poly/Models/Rocks/Block Rocks/Snow Block Rocks/Block_Snow_Rock_25.fbx using Guid(c3bb08700d518704690d457efe6b155d) Importer(815301076,1909f56bfc062723c751e8b465ee728b) (PreviewImporter) -> (artifact id: '4814dde3172765e885defea46456b8db') in 0.0616999 seconds
Number of updated asset objects reloaded before import = 0Number of asset objects unloaded after import = 9

========================================================================
Received Import Request.
  Time since last request: 0.000053 seconds.
  path: Assets/Obstacle Pack/Models/Bomb.fbx
  artifactKey: Guid(3c47550989e8e47859e785a4893523e6) Importer(815301076,1909f56bfc062723c751e8b465ee728b)
Start importing Assets/Obstacle Pack/Models/Bomb.fbx using Guid(3c47550989e8e47859e785a4893523e6) Importer(815301076,1909f56bfc062723c751e8b465ee728b) (PreviewImporter) -> (artifact id: '84c35128dea84641bc9cbf431632da27') in 0.0606615 seconds
Number of updated asset objects reloaded before import = 0Number of asset objects unloaded after import = 9

========================================================================
Received Import Request.
  Time since last request: 0.000034 seconds.
  path: Assets/HQP STUDIOS/Rocks and Terrains Pack - Low Poly/Prefabs/Rocks/Square Rocks/Snow Square Rocks/Square_Snow_Rock_15.prefab
  artifactKey: Guid(d4730bf423a747948a71521814fa80a2) Importer(815301076,1909f56bfc062723c751e8b465ee728b)
Start importing Assets/HQP STUDIOS/Rocks and Terrains Pack - Low Poly/Prefabs/Rocks/Square Rocks/Snow Square Rocks/Square_Snow_Rock_15.prefab using Guid(d4730bf423a747948a71521814fa80a2) Importer(815301076,1909f56bfc062723c751e8b465ee728b) (PreviewImporter) -> (artifact id: '3574af27e5b7da81d4f3eee30678d96a') in 0.0316259 seconds
Number of updated asset objects reloaded before import = 0Number of asset objects unloaded after import = 15

========================================================================
Received Import Request.
  Time since last request: 0.000055 seconds.
  path: Assets/HQP STUDIOS/Rocks and Terrains Pack - Low Poly/Models/Rocks/Block Rocks/Snow Block Rocks/Block_Snow_Rock_27.fbx
  artifactKey: Guid(e55fe0030f02e914f9331a691ddd193b) Importer(815301076,1909f56bfc062723c751e8b465ee728b)
Start importing Assets/HQP STUDIOS/Rocks and Terrains Pack - Low Poly/Models/Rocks/Block Rocks/Snow Block Rocks/Block_Snow_Rock_27.fbx using Guid(e55fe0030f02e914f9331a691ddd193b) Importer(815301076,1909f56bfc062723c751e8b465ee728b) (PreviewImporter) -> (artifact id: '387fe60332211125d0d440fea4b432b1') in 0.1049193 seconds
Number of updated asset objects reloaded before import = 0Number of asset objects unloaded after import = 9

========================================================================
Received Import Request.
  Time since last request: 0.000044 seconds.
  path: Assets/HQP STUDIOS/Rocks and Terrains Pack - Low Poly/Prefabs/Rocks/Tiles/Snow Tiles/Tile_Snow_Rock_27.prefab
  artifactKey: Guid(fe0f4f0dca8cbba4191c65cf749a1c92) Importer(815301076,1909f56bfc062723c751e8b465ee728b)
Start importing Assets/HQP STUDIOS/Rocks and Terrains Pack - Low Poly/Prefabs/Rocks/Tiles/Snow Tiles/Tile_Snow_Rock_27.prefab using Guid(fe0f4f0dca8cbba4191c65cf749a1c92) Importer(815301076,1909f56bfc062723c751e8b465ee728b) (PreviewImporter) -> (artifact id: '6b866d90af5d0163f5b4487e967b0947') in 0.1585713 seconds
Number of updated asset objects reloaded before import = 0Number of asset objects unloaded after import = 15

========================================================================
Received Import Request.
  Time since last request: 0.000067 seconds.
  path: Assets/HQP STUDIOS/Rocks and Terrains Pack - Low Poly/Models/Rocks/Block Rocks/Moss Block Rocks/Block_Moss_Rock_30.fbx
  artifactKey: Guid(84dcde963e523b54392896a90be88b8f) Importer(815301076,1909f56bfc062723c751e8b465ee728b)
Start importing Assets/HQP STUDIOS/Rocks and Terrains Pack - Low Poly/Models/Rocks/Block Rocks/Moss Block Rocks/Block_Moss_Rock_30.fbx using Guid(84dcde963e523b54392896a90be88b8f) Importer(815301076,1909f56bfc062723c751e8b465ee728b) (PreviewImporter) -> (artifact id: 'c42e5c886ede6b26bd86ab6e8e39b4f5') in 0.0781356 seconds
Number of updated asset objects reloaded before import = 0Number of asset objects unloaded after import = 9

========================================================================
Received Import Request.
  Time since last request: 0.000050 seconds.
  path: Assets/HQP STUDIOS/Rocks and Terrains Pack - Low Poly/Prefabs/Rocks/Flat Rocks/Moss Flat Rocks/Flat_Moss_Rock_1.prefab
  artifactKey: Guid(eb34719bc7677e64a8988d24549871be) Importer(815301076,1909f56bfc062723c751e8b465ee728b)
Start importing Assets/HQP STUDIOS/Rocks and Terrains Pack - Low Poly/Prefabs/Rocks/Flat Rocks/Moss Flat Rocks/Flat_Moss_Rock_1.prefab using Guid(eb34719bc7677e64a8988d24549871be) Importer(815301076,1909f56bfc062723c751e8b465ee728b) (PreviewImporter) -> (artifact id: '917df787e74ba882b682b34e50f4017d') in 0.0342385 seconds
Number of updated asset objects reloaded before import = 0Number of asset objects unloaded after import = 15

========================================================================
Received Import Request.
  Time since last request: 0.000064 seconds.
  path: Assets/HQP STUDIOS/Rocks and Terrains Pack - Low Poly/Prefabs/Rocks/Block Rocks/Snow Block Rocks/Block_Snow_Rock_31.prefab
  artifactKey: Guid(5c39b1fd209f94b4386d02d8b85b8be4) Importer(815301076,1909f56bfc062723c751e8b465ee728b)
Start importing Assets/HQP STUDIOS/Rocks and Terrains Pack - Low Poly/Prefabs/Rocks/Block Rocks/Snow Block Rocks/Block_Snow_Rock_31.prefab using Guid(5c39b1fd209f94b4386d02d8b85b8be4) Importer(815301076,1909f56bfc062723c751e8b465ee728b) (PreviewImporter) -> (artifact id: 'bb3ca8c6191611abdf12f9c4d16c1e0c') in 0.0316322 seconds
Number of updated asset objects reloaded before import = 0Number of asset objects unloaded after import = 15

========================================================================
Received Import Request.
  Time since last request: 0.000034 seconds.
  path: Assets/HQP STUDIOS/Rocks and Terrains Pack - Low Poly/Models/Rocks/Square Rocks/Snow Square Rocks/Square_Snow_Rock_25.fbx
  artifactKey: Guid(4a0b09e1fca7558478ff9d718d93a9a4) Importer(815301076,1909f56bfc062723c751e8b465ee728b)
Start importing Assets/HQP STUDIOS/Rocks and Terrains Pack - Low Poly/Models/Rocks/Square Rocks/Snow Square Rocks/Square_Snow_Rock_25.fbx using Guid(4a0b09e1fca7558478ff9d718d93a9a4) Importer(815301076,1909f56bfc062723c751e8b465ee728b) (PreviewImporter) -> (artifact id: 'ad8f5d461c75dd200cd5ffa440a8cf3c') in 0.0449144 seconds
Number of updated asset objects reloaded before import = 0Number of asset objects unloaded after import = 9

========================================================================
Received Import Request.
  Time since last request: 0.000077 seconds.
  path: Assets/HQP STUDIOS/Rocks and Terrains Pack - Low Poly/Prefabs/Rocks/Tiles/Tiles/Tile_Rock_18.prefab
  artifactKey: Guid(1d360669b0baaac42b0ca9216383bb00) Importer(815301076,1909f56bfc062723c751e8b465ee728b)
Start importing Assets/HQP STUDIOS/Rocks and Terrains Pack - Low Poly/Prefabs/Rocks/Tiles/Tiles/Tile_Rock_18.prefab using Guid(1d360669b0baaac42b0ca9216383bb00) Importer(815301076,1909f56bfc062723c751e8b465ee728b) (PreviewImporter) -> (artifact id: 'f419ce3bbe428ccb9a0e91c49cb136b1') in 0.0280923 seconds
Number of updated asset objects reloaded before import = 0Number of asset objects unloaded after import = 15

========================================================================
Received Import Request.
  Time since last request: 0.000064 seconds.
  path: Assets/HQP STUDIOS/Rocks and Terrains Pack - Low Poly/Models/Rocks/Square Rocks/Snow Square Rocks/Square_Snow_Rock_30.fbx
  artifactKey: Guid(b7670c30a52410944a5aa8aa2fae9d96) Importer(815301076,1909f56bfc062723c751e8b465ee728b)
Start importing Assets/HQP STUDIOS/Rocks and Terrains Pack - Low Poly/Models/Rocks/Square Rocks/Snow Square Rocks/Square_Snow_Rock_30.fbx using Guid(b7670c30a52410944a5aa8aa2fae9d96) Importer(815301076,1909f56bfc062723c751e8b465ee728b) (PreviewImporter) -> (artifact id: '26c2edb989e16ad435afd90190aade9e') in 0.0502257 seconds
Number of updated asset objects reloaded before import = 0Number of asset objects unloaded after import = 9

========================================================================
Received Import Request.
  Time since last request: 0.000046 seconds.
  path: Assets/HQP STUDIOS/Rocks and Terrains Pack - Low Poly/Prefabs/Rocks/Tiles/Snow Tiles/Tile_Snow_Rock_14.prefab
  artifactKey: Guid(47f4f7c9331f2a8429ffea81b9089efa) Importer(815301076,1909f56bfc062723c751e8b465ee728b)
Start importing Assets/HQP STUDIOS/Rocks and Terrains Pack - Low Poly/Prefabs/Rocks/Tiles/Snow Tiles/Tile_Snow_Rock_14.prefab using Guid(47f4f7c9331f2a8429ffea81b9089efa) Importer(815301076,1909f56bfc062723c751e8b465ee728b) (PreviewImporter) -> (artifact id: '7b38b91f568c7108f264ef71e2587ac3') in 0.0334999 seconds
Number of updated asset objects reloaded before import = 0Number of asset objects unloaded after import = 15

========================================================================
Received Import Request.
  Time since last request: 0.000029 seconds.
  path: Assets/HQP STUDIOS/Rocks and Terrains Pack - Low Poly/Prefabs/Rocks/Tiles/Tiles/Tile_Rock_20.prefab
  artifactKey: Guid(9f297e91a6fd87e46a2ccb6e17a60337) Importer(815301076,1909f56bfc062723c751e8b465ee728b)
Start importing Assets/HQP STUDIOS/Rocks and Terrains Pack - Low Poly/Prefabs/Rocks/Tiles/Tiles/Tile_Rock_20.prefab using Guid(9f297e91a6fd87e46a2ccb6e17a60337) Importer(815301076,1909f56bfc062723c751e8b465ee728b) (PreviewImporter) -> (artifact id: 'e717001bd86f7581e466d35e1f0c8783') in 0.0263023 seconds
Number of updated asset objects reloaded before import = 0Number of asset objects unloaded after import = 15

========================================================================
Received Import Request.
  Time since last request: 0.000048 seconds.
  path: Assets/HQP STUDIOS/Rocks and Terrains Pack - Low Poly/Prefabs/Rocks/Tiles/Tiles/Tile_Rock_11.prefab
  artifactKey: Guid(9a4dafcf0e08ac944bb293ac197f8669) Importer(815301076,1909f56bfc062723c751e8b465ee728b)
Start importing Assets/HQP STUDIOS/Rocks and Terrains Pack - Low Poly/Prefabs/Rocks/Tiles/Tiles/Tile_Rock_11.prefab using Guid(9a4dafcf0e08ac944bb293ac197f8669) Importer(815301076,1909f56bfc062723c751e8b465ee728b) (PreviewImporter) -> (artifact id: '2915209bdc8b48b11d2581cf9ce2004f') in 0.0354204 seconds
Number of updated asset objects reloaded before import = 0Number of asset objects unloaded after import = 15

========================================================================
Received Import Request.
  Time since last request: 0.000035 seconds.
  path: Assets/HQP STUDIOS/Rocks and Terrains Pack - Low Poly/Prefabs/Rocks/Square Rocks/Snow Square Rocks/Square_Snow_Rock_25.prefab
  artifactKey: Guid(bf0e0c1e72de104488de89c31b3ec851) Importer(815301076,1909f56bfc062723c751e8b465ee728b)
Start importing Assets/HQP STUDIOS/Rocks and Terrains Pack - Low Poly/Prefabs/Rocks/Square Rocks/Snow Square Rocks/Square_Snow_Rock_25.prefab using Guid(bf0e0c1e72de104488de89c31b3ec851) Importer(815301076,1909f56bfc062723c751e8b465ee728b) (PreviewImporter) -> (artifact id: 'c6a1cbf9d20a9e1b6843493a20c3701a') in 0.0336312 seconds
Number of updated asset objects reloaded before import = 0Number of asset objects unloaded after import = 15

========================================================================
Received Import Request.
  Time since last request: 0.000037 seconds.
  path: Assets/Obstacle Pack/Prefabs/flamethrower.prefab
  artifactKey: Guid(935873a4929814a659611b6f2160bf6c) Importer(815301076,1909f56bfc062723c751e8b465ee728b)
Start importing Assets/Obstacle Pack/Prefabs/flamethrower.prefab using Guid(935873a4929814a659611b6f2160bf6c) Importer(815301076,1909f56bfc062723c751e8b465ee728b) (PreviewImporter) -> (artifact id: 'bb7f8fdbce14a65d54a862a3b4430b3a') in 0.0636261 seconds
Number of updated asset objects reloaded before import = 0Number of asset objects unloaded after import = 9

========================================================================
Received Import Request.
  Time since last request: 0.000047 seconds.
  path: Assets/HQP STUDIOS/Rocks and Terrains Pack - Low Poly/Prefabs/Rocks/Block Rocks/Snow Block Rocks/Block_Snow_Rock_28.prefab
  artifactKey: Guid(863379f9d2f370c489f27f7ff1fdaed7) Importer(815301076,1909f56bfc062723c751e8b465ee728b)
Start importing Assets/HQP STUDIOS/Rocks and Terrains Pack - Low Poly/Prefabs/Rocks/Block Rocks/Snow Block Rocks/Block_Snow_Rock_28.prefab using Guid(863379f9d2f370c489f27f7ff1fdaed7) Importer(815301076,1909f56bfc062723c751e8b465ee728b) (PreviewImporter) -> (artifact id: '9e93dcb0cf67ea22232756306def2646') in 0.0292513 seconds
Number of updated asset objects reloaded before import = 0Number of asset objects unloaded after import = 15

========================================================================
Received Import Request.
  Time since last request: 0.000034 seconds.
  path: Assets/HQP STUDIOS/Rocks and Terrains Pack - Low Poly/Prefabs/Rocks/Block Rocks/Snow Block Rocks/Block_Snow_Rock_27.prefab
  artifactKey: Guid(b73a4bbc12a76244d9886d2c7c201627) Importer(815301076,1909f56bfc062723c751e8b465ee728b)
Start importing Assets/HQP STUDIOS/Rocks and Terrains Pack - Low Poly/Prefabs/Rocks/Block Rocks/Snow Block Rocks/Block_Snow_Rock_27.prefab using Guid(b73a4bbc12a76244d9886d2c7c201627) Importer(815301076,1909f56bfc062723c751e8b465ee728b) (PreviewImporter) -> (artifact id: '64e626e8b72158837112458766851dee') in 0.0304995 seconds
Number of updated asset objects reloaded before import = 0Number of asset objects unloaded after import = 15

========================================================================
Received Import Request.
  Time since last request: 0.000036 seconds.
  path: Assets/HQP STUDIOS/Rocks and Terrains Pack - Low Poly/Prefabs/Rocks/Flat Rocks/Flat Rocks/Flat_Rock_12.prefab
  artifactKey: Guid(4f1e79055bf75954b85b9638fc41e47e) Importer(815301076,1909f56bfc062723c751e8b465ee728b)
Start importing Assets/HQP STUDIOS/Rocks and Terrains Pack - Low Poly/Prefabs/Rocks/Flat Rocks/Flat Rocks/Flat_Rock_12.prefab using Guid(4f1e79055bf75954b85b9638fc41e47e) Importer(815301076,1909f56bfc062723c751e8b465ee728b) (PreviewImporter) -> (artifact id: 'de261cd9eb96799a7d13fab440e34954') in 0.0347737 seconds
Number of updated asset objects reloaded before import = 0Number of asset objects unloaded after import = 15

========================================================================
Received Import Request.
  Time since last request: 0.000048 seconds.
  path: Assets/HQP STUDIOS/Rocks and Terrains Pack - Low Poly/Models/Rocks/Tiles/Moss Tiles/Tile_Moss_Rock_19.fbx
  artifactKey: Guid(8ecdda59eef8b0e44a4eabc05a67e9d9) Importer(815301076,1909f56bfc062723c751e8b465ee728b)
Start importing Assets/HQP STUDIOS/Rocks and Terrains Pack - Low Poly/Models/Rocks/Tiles/Moss Tiles/Tile_Moss_Rock_19.fbx using Guid(8ecdda59eef8b0e44a4eabc05a67e9d9) Importer(815301076,1909f56bfc062723c751e8b465ee728b) (PreviewImporter) -> (artifact id: 'd8b4470c4dbab25d012700859bf2819c') in 0.04781 seconds
Number of updated asset objects reloaded before import = 0Number of asset objects unloaded after import = 9

========================================================================
Received Import Request.
  Time since last request: 0.000031 seconds.
  path: Assets/HQP STUDIOS/Rocks and Terrains Pack - Low Poly/Prefabs/Rocks/Block Rocks/Moss Block Rocks/Block_Moss_Rock_30.prefab
  artifactKey: Guid(da3f2af78330e8d4f8dafa993f372534) Importer(815301076,1909f56bfc062723c751e8b465ee728b)
Start importing Assets/HQP STUDIOS/Rocks and Terrains Pack - Low Poly/Prefabs/Rocks/Block Rocks/Moss Block Rocks/Block_Moss_Rock_30.prefab using Guid(da3f2af78330e8d4f8dafa993f372534) Importer(815301076,1909f56bfc062723c751e8b465ee728b) (PreviewImporter) -> (artifact id: '25ffad59d8bfbc95e6458cccab2e25ee') in 0.0296624 seconds
Number of updated asset objects reloaded before import = 0Number of asset objects unloaded after import = 15

========================================================================
Received Import Request.
  Time since last request: 0.000058 seconds.
  path: Assets/HQP STUDIOS/Rocks and Terrains Pack - Low Poly/Prefabs/Rocks/Square Rocks/Snow Square Rocks/Square_Snow_Rock_17.prefab
  artifactKey: Guid(d1b15b63fa09ff841a4663822c38ad35) Importer(815301076,1909f56bfc062723c751e8b465ee728b)
Start importing Assets/HQP STUDIOS/Rocks and Terrains Pack - Low Poly/Prefabs/Rocks/Square Rocks/Snow Square Rocks/Square_Snow_Rock_17.prefab using Guid(d1b15b63fa09ff841a4663822c38ad35) Importer(815301076,1909f56bfc062723c751e8b465ee728b) (PreviewImporter) -> (artifact id: 'b926efc2a84100c6735aa5e356f3542a') in 0.0341637 seconds
Number of updated asset objects reloaded before import = 0Number of asset objects unloaded after import = 15

========================================================================
Received Import Request.
  Time since last request: 0.000053 seconds.
  path: Assets/HQP STUDIOS/Rocks and Terrains Pack - Low Poly/Prefabs/Terrains/Terrains/Small Terrains/Small_Terrain_1.prefab
  artifactKey: Guid(83dfcf38e31e6bb4ab8fe785a4487b99) Importer(815301076,1909f56bfc062723c751e8b465ee728b)
Start importing Assets/HQP STUDIOS/Rocks and Terrains Pack - Low Poly/Prefabs/Terrains/Terrains/Small Terrains/Small_Terrain_1.prefab using Guid(83dfcf38e31e6bb4ab8fe785a4487b99) Importer(815301076,1909f56bfc062723c751e8b465ee728b) (PreviewImporter) -> (artifact id: '32e315206168463a493da58e8b6c56c9') in 0.0325982 seconds
Number of updated asset objects reloaded before import = 0Number of asset objects unloaded after import = 14

========================================================================
Received Import Request.
  Time since last request: 0.000040 seconds.
  path: Assets/VFX/UnityTechnologies/EffectExamples/WeaponEffects/Models/ShellCasing.FBX
  artifactKey: Guid(39af8eb310699cb4dac88a1ce9577c85) Importer(815301076,1909f56bfc062723c751e8b465ee728b)
Start importing Assets/VFX/UnityTechnologies/EffectExamples/WeaponEffects/Models/ShellCasing.FBX using Guid(39af8eb310699cb4dac88a1ce9577c85) Importer(815301076,1909f56bfc062723c751e8b465ee728b) (PreviewImporter) -> (artifact id: 'bc9c9844fa77ec0fe30ea3c15039cd1c') in 0.1124142 seconds
Number of updated asset objects reloaded before import = 0Number of asset objects unloaded after import = 8

========================================================================
Received Import Request.
  Time since last request: 0.000043 seconds.
  path: Assets/HQP STUDIOS/Rocks and Terrains Pack - Low Poly/Models/Rocks/Tiles/Moss Tiles/Tile_Moss_Rock_16.fbx
  artifactKey: Guid(71b34ae327192a24088b02f1e55aed27) Importer(815301076,1909f56bfc062723c751e8b465ee728b)
Start importing Assets/HQP STUDIOS/Rocks and Terrains Pack - Low Poly/Models/Rocks/Tiles/Moss Tiles/Tile_Moss_Rock_16.fbx using Guid(71b34ae327192a24088b02f1e55aed27) Importer(815301076,1909f56bfc062723c751e8b465ee728b) (PreviewImporter) -> (artifact id: '12ed1cfc0901811680341e515d54f3c7') in 0.0430325 seconds
Number of updated asset objects reloaded before import = 0Number of asset objects unloaded after import = 9

========================================================================
Received Import Request.
  Time since last request: 0.000057 seconds.
  path: Assets/FBX format/sign.fbx
  artifactKey: Guid(fa39f3944037f594dabbe40fe50e02ea) Importer(815301076,1909f56bfc062723c751e8b465ee728b)
Start importing Assets/FBX format/sign.fbx using Guid(fa39f3944037f594dabbe40fe50e02ea) Importer(815301076,1909f56bfc062723c751e8b465ee728b) (PreviewImporter) -> (artifact id: '0218690816ab3c6e470bd0a6dbcb8c98') in 0.0434737 seconds
Number of updated asset objects reloaded before import = 0Number of asset objects unloaded after import = 9

========================================================================
Received Import Request.
  Time since last request: 0.000037 seconds.
  path: Assets/HQP STUDIOS/Rocks and Terrains Pack - Low Poly/Models/Rocks/Tiles/Moss Tiles/Tile_Moss_Rock_10.fbx
  artifactKey: Guid(e7faca75def61be4fac603e97cf0b967) Importer(815301076,1909f56bfc062723c751e8b465ee728b)
Start importing Assets/HQP STUDIOS/Rocks and Terrains Pack - Low Poly/Models/Rocks/Tiles/Moss Tiles/Tile_Moss_Rock_10.fbx using Guid(e7faca75def61be4fac603e97cf0b967) Importer(815301076,1909f56bfc062723c751e8b465ee728b) (PreviewImporter) -> (artifact id: 'ef44a9fceac2fb7e226be79bbf6a6857') in 0.0513985 seconds
Number of updated asset objects reloaded before import = 0Number of asset objects unloaded after import = 9

========================================================================
Received Import Request.
  Time since last request: 0.000039 seconds.
  path: Assets/HQP STUDIOS/Rocks and Terrains Pack - Low Poly/Models/Rocks/Tiles/Snow Tiles/Tile_Snow_Rock_13.fbx
  artifactKey: Guid(edad9995ee4e2e94b8c8a4c379c86e3d) Importer(815301076,1909f56bfc062723c751e8b465ee728b)
Start importing Assets/HQP STUDIOS/Rocks and Terrains Pack - Low Poly/Models/Rocks/Tiles/Snow Tiles/Tile_Snow_Rock_13.fbx using Guid(edad9995ee4e2e94b8c8a4c379c86e3d) Importer(815301076,1909f56bfc062723c751e8b465ee728b) (PreviewImporter) -> (artifact id: '5d5667597d83408eeb96532918a4ccf8') in 0.0507454 seconds
Number of updated asset objects reloaded before import = 0Number of asset objects unloaded after import = 9

========================================================================
Received Import Request.
  Time since last request: 0.000081 seconds.
  path: Assets/HQP STUDIOS/Rocks and Terrains Pack - Low Poly/Models/Rocks/Square Rocks/Snow Square Rocks/Square_Snow_Rock_26.fbx
  artifactKey: Guid(1630306db16ca34469bc0d69946a7fde) Importer(815301076,1909f56bfc062723c751e8b465ee728b)
Start importing Assets/HQP STUDIOS/Rocks and Terrains Pack - Low Poly/Models/Rocks/Square Rocks/Snow Square Rocks/Square_Snow_Rock_26.fbx using Guid(1630306db16ca34469bc0d69946a7fde) Importer(815301076,1909f56bfc062723c751e8b465ee728b) (PreviewImporter) -> (artifact id: 'cb0fb2d7d427e2fe749b72c57fd3f611') in 0.044987 seconds
Number of updated asset objects reloaded before import = 0Number of asset objects unloaded after import = 9

========================================================================
Received Import Request.
  Time since last request: 0.000044 seconds.
  path: Assets/HQP STUDIOS/Rocks and Terrains Pack - Low Poly/Prefabs/Terrains/Terrains/Small Terrains/Small_Terrain_6.prefab
  artifactKey: Guid(47034b34b5422dc459dd2ea342759372) Importer(815301076,1909f56bfc062723c751e8b465ee728b)
Start importing Assets/HQP STUDIOS/Rocks and Terrains Pack - Low Poly/Prefabs/Terrains/Terrains/Small Terrains/Small_Terrain_6.prefab using Guid(47034b34b5422dc459dd2ea342759372) Importer(815301076,1909f56bfc062723c751e8b465ee728b) (PreviewImporter) -> (artifact id: '32df77a9a01fd57f23308724d9bef72a') in 0.0307228 seconds
Number of updated asset objects reloaded before import = 0Number of asset objects unloaded after import = 14

========================================================================
Received Import Request.
  Time since last request: 0.000050 seconds.
  path: Assets/HQP STUDIOS/Rocks and Terrains Pack - Low Poly/Models/Rocks/Flat Rocks/Flat Rocks/Flat_Rock_19.fbx
  artifactKey: Guid(c2eff013d58c7174ea0d252256cd1612) Importer(815301076,1909f56bfc062723c751e8b465ee728b)
Start importing Assets/HQP STUDIOS/Rocks and Terrains Pack - Low Poly/Models/Rocks/Flat Rocks/Flat Rocks/Flat_Rock_19.fbx using Guid(c2eff013d58c7174ea0d252256cd1612) Importer(815301076,1909f56bfc062723c751e8b465ee728b) (PreviewImporter) -> (artifact id: '5e6c00f90a1e7331ab3fb62d55668bdb') in 0.0468379 seconds
Number of updated asset objects reloaded before import = 0Number of asset objects unloaded after import = 9

========================================================================
Received Import Request.
  Time since last request: 0.000055 seconds.
  path: Assets/HQP STUDIOS/Rocks and Terrains Pack - Low Poly/Prefabs/Rocks/Tiles/Snow Tiles/Tile_Snow_Rock_28.prefab
  artifactKey: Guid(b1012c1c3b0f38d4ca24ef41088bd5e3) Importer(815301076,1909f56bfc062723c751e8b465ee728b)
Start importing Assets/HQP STUDIOS/Rocks and Terrains Pack - Low Poly/Prefabs/Rocks/Tiles/Snow Tiles/Tile_Snow_Rock_28.prefab using Guid(b1012c1c3b0f38d4ca24ef41088bd5e3) Importer(815301076,1909f56bfc062723c751e8b465ee728b) (PreviewImporter) -> (artifact id: 'c2a0a7f7b3807c7c583669631c670f8e') in 0.0352564 seconds
Number of updated asset objects reloaded before import = 0Number of asset objects unloaded after import = 15

========================================================================
Received Import Request.
  Time since last request: 55.455837 seconds.
  path: Assets/HQP STUDIOS/Rocks and Terrains Pack - Low Poly/Prefabs/Rocks/Tiles/Moss Tiles/Tile_Moss_Rock_3.prefab
  artifactKey: Guid(fb79d9f5ea976c84282112202e08a0ee) Importer(815301076,1909f56bfc062723c751e8b465ee728b)
Start importing Assets/HQP STUDIOS/Rocks and Terrains Pack - Low Poly/Prefabs/Rocks/Tiles/Moss Tiles/Tile_Moss_Rock_3.prefab using Guid(fb79d9f5ea976c84282112202e08a0ee) Importer(815301076,1909f56bfc062723c751e8b465ee728b) (PreviewImporter) -> (artifact id: '5169eb260a21ed4be044462433405efb') in 0.020181 seconds
Number of updated asset objects reloaded before import = 0Number of asset objects unloaded after import = 15

========================================================================
Received Import Request.
  Time since last request: 0.523303 seconds.
  path: Assets/HQP STUDIOS/Rocks and Terrains Pack - Low Poly/Models/Rocks/Stonehenge Rocks/Stonehenges/Stonehenge_Rock_7.fbx
  artifactKey: Guid(3abba1e4d24e8a74ba9e9f20ca2a1db3) Importer(815301076,1909f56bfc062723c751e8b465ee728b)
Start importing Assets/HQP STUDIOS/Rocks and Terrains Pack - Low Poly/Models/Rocks/Stonehenge Rocks/Stonehenges/Stonehenge_Rock_7.fbx using Guid(3abba1e4d24e8a74ba9e9f20ca2a1db3) Importer(815301076,1909f56bfc062723c751e8b465ee728b) (PreviewImporter) -> (artifact id: '65afe8126fda74fad4bc5eaf312a8e2a') in 0.0286865 seconds
Number of updated asset objects reloaded before import = 0Number of asset objects unloaded after import = 9

========================================================================
Received Import Request.
  Time since last request: 0.000047 seconds.
  path: Assets/HQP STUDIOS/Rocks and Terrains Pack - Low Poly/Prefabs/Rocks/Stonehenge Rocks/Snow_Stonehenges/Stonehenge_Snow_Rock_3.prefab
  artifactKey: Guid(8c7bbb33259bd0a42b60e3404fc33cea) Importer(815301076,1909f56bfc062723c751e8b465ee728b)
Start importing Assets/HQP STUDIOS/Rocks and Terrains Pack - Low Poly/Prefabs/Rocks/Stonehenge Rocks/Snow_Stonehenges/Stonehenge_Snow_Rock_3.prefab using Guid(8c7bbb33259bd0a42b60e3404fc33cea) Importer(815301076,1909f56bfc062723c751e8b465ee728b) (PreviewImporter) -> (artifact id: 'ca65913b197e058f67a21b13c013ff8e') in 0.029683 seconds
Number of updated asset objects reloaded before import = 0Number of asset objects unloaded after import = 15

========================================================================
Received Import Request.
  Time since last request: 0.000050 seconds.
  path: Assets/HQP STUDIOS/Rocks and Terrains Pack - Low Poly/Models/Rocks/Stonehenge Rocks/Stonehenges/Stonehenge_Rock_5.fbx
  artifactKey: Guid(7ae90997dc56f1849ad0f1066a3159b9) Importer(815301076,1909f56bfc062723c751e8b465ee728b)
Start importing Assets/HQP STUDIOS/Rocks and Terrains Pack - Low Poly/Models/Rocks/Stonehenge Rocks/Stonehenges/Stonehenge_Rock_5.fbx using Guid(7ae90997dc56f1849ad0f1066a3159b9) Importer(815301076,1909f56bfc062723c751e8b465ee728b) (PreviewImporter) -> (artifact id: '2a495ecdec5c2596e314a02411ab1b5d') in 0.0362294 seconds
Number of updated asset objects reloaded before import = 0Number of asset objects unloaded after import = 9

========================================================================
Received Import Request.
  Time since last request: 5.346597 seconds.
  path: Assets/HQP STUDIOS/Rocks and Terrains Pack - Low Poly/Prefabs/Rocks/Square Rocks/Snow Square Rocks/Square_Snow_Rock_2.prefab
  artifactKey: Guid(360c57bda83d09d4bab2a154101bd820) Importer(815301076,1909f56bfc062723c751e8b465ee728b)
Start importing Assets/HQP STUDIOS/Rocks and Terrains Pack - Low Poly/Prefabs/Rocks/Square Rocks/Snow Square Rocks/Square_Snow_Rock_2.prefab using Guid(360c57bda83d09d4bab2a154101bd820) Importer(815301076,1909f56bfc062723c751e8b465ee728b) (PreviewImporter) -> (artifact id: 'ee6b7bae312208ccbb0b57997845a88c') in 0.0313585 seconds
Number of updated asset objects reloaded before import = 0Number of asset objects unloaded after import = 15

========================================================================
Received Import Request.
  Time since last request: 0.000028 seconds.
  path: Assets/HQP STUDIOS/Rocks and Terrains Pack - Low Poly/Models/Rocks/Square Rocks/Square Rocks/Square_Rock_29.fbx
  artifactKey: Guid(22d3c240409221e4da2e3861f2ed67ec) Importer(815301076,1909f56bfc062723c751e8b465ee728b)
Start importing Assets/HQP STUDIOS/Rocks and Terrains Pack - Low Poly/Models/Rocks/Square Rocks/Square Rocks/Square_Rock_29.fbx using Guid(22d3c240409221e4da2e3861f2ed67ec) Importer(815301076,1909f56bfc062723c751e8b465ee728b) (PreviewImporter) -> (artifact id: '300263d2dcbf19d46a614ef174e8303b') in 0.0513303 seconds
Number of updated asset objects reloaded before import = 0Number of asset objects unloaded after import = 9

========================================================================
Received Import Request.
  Time since last request: 0.188054 seconds.
  path: Assets/HQP STUDIOS/Rocks and Terrains Pack - Low Poly/Models/Rocks/Square Rocks/Square Rocks/Square_Rock_1.fbx
  artifactKey: Guid(61354e715963a914a95fa9542278c13d) Importer(815301076,1909f56bfc062723c751e8b465ee728b)
Start importing Assets/HQP STUDIOS/Rocks and Terrains Pack - Low Poly/Models/Rocks/Square Rocks/Square Rocks/Square_Rock_1.fbx using Guid(61354e715963a914a95fa9542278c13d) Importer(815301076,1909f56bfc062723c751e8b465ee728b) (PreviewImporter) -> (artifact id: '27807b07578eda88d13766d27f849d51') in 0.0292268 seconds
Number of updated asset objects reloaded before import = 0Number of asset objects unloaded after import = 9

========================================================================
Received Import Request.
  Time since last request: 0.000038 seconds.
  path: Assets/HQP STUDIOS/Rocks and Terrains Pack - Low Poly/Models/Rocks/Square Rocks/Square Rocks/Square_Rock_4.fbx
  artifactKey: Guid(508d9a4dcb175ee49bd5cd245fc66e9b) Importer(815301076,1909f56bfc062723c751e8b465ee728b)
Start importing Assets/HQP STUDIOS/Rocks and Terrains Pack - Low Poly/Models/Rocks/Square Rocks/Square Rocks/Square_Rock_4.fbx using Guid(508d9a4dcb175ee49bd5cd245fc66e9b) Importer(815301076,1909f56bfc062723c751e8b465ee728b) (PreviewImporter) -> (artifact id: '60d3eec9da93d127236281cf941cb23e') in 0.0362086 seconds
Number of updated asset objects reloaded before import = 0Number of asset objects unloaded after import = 9

========================================================================
Received Import Request.
  Time since last request: 0.105543 seconds.
  path: Assets/HQP STUDIOS/Rocks and Terrains Pack - Low Poly/Models/Rocks/Square Rocks/Moss Square Rocks/Square_Moss_Rock_7.fbx
  artifactKey: Guid(0f45146922a01c84893af73bbcec4343) Importer(815301076,1909f56bfc062723c751e8b465ee728b)
Start importing Assets/HQP STUDIOS/Rocks and Terrains Pack - Low Poly/Models/Rocks/Square Rocks/Moss Square Rocks/Square_Moss_Rock_7.fbx using Guid(0f45146922a01c84893af73bbcec4343) Importer(815301076,1909f56bfc062723c751e8b465ee728b) (PreviewImporter) -> (artifact id: 'c55620646ab33f198697e0a2cb183682') in 0.0300788 seconds
Number of updated asset objects reloaded before import = 0Number of asset objects unloaded after import = 9

========================================================================
Received Import Request.
  Time since last request: 0.000045 seconds.
  path: Assets/HQP STUDIOS/Rocks and Terrains Pack - Low Poly/Models/Rocks/Square Rocks/Moss Square Rocks/Square_Moss_Rock_10.fbx
  artifactKey: Guid(ef4866a06d1752643a8a8da895462a0b) Importer(815301076,1909f56bfc062723c751e8b465ee728b)
Start importing Assets/HQP STUDIOS/Rocks and Terrains Pack - Low Poly/Models/Rocks/Square Rocks/Moss Square Rocks/Square_Moss_Rock_10.fbx using Guid(ef4866a06d1752643a8a8da895462a0b) Importer(815301076,1909f56bfc062723c751e8b465ee728b) (PreviewImporter) -> (artifact id: 'b8fe340fdc2d573b0bdc48081eb461ad') in 0.041502 seconds
Number of updated asset objects reloaded before import = 0Number of asset objects unloaded after import = 9

========================================================================
Received Import Request.
  Time since last request: 0.000044 seconds.
  path: Assets/HQP STUDIOS/Rocks and Terrains Pack - Low Poly/Prefabs/Rocks/Square Rocks/Moss Square Rocks/Square_Moss_Rock_14.prefab
  artifactKey: Guid(e5bdc3b7cc9a39c40907e57a171661f0) Importer(815301076,1909f56bfc062723c751e8b465ee728b)
Start importing Assets/HQP STUDIOS/Rocks and Terrains Pack - Low Poly/Prefabs/Rocks/Square Rocks/Moss Square Rocks/Square_Moss_Rock_14.prefab using Guid(e5bdc3b7cc9a39c40907e57a171661f0) Importer(815301076,1909f56bfc062723c751e8b465ee728b) (PreviewImporter) -> (artifact id: 'eee1602192bc024ac20161e0af98c2c1') in 0.0296997 seconds
Number of updated asset objects reloaded before import = 0Number of asset objects unloaded after import = 15

========================================================================
Received Import Request.
  Time since last request: 0.000043 seconds.
  path: Assets/HQP STUDIOS/Rocks and Terrains Pack - Low Poly/Models/Rocks/Square Rocks/Moss Square Rocks/Square_Moss_Rock_18.fbx
  artifactKey: Guid(332a9a2248d5f784ab9debf00ecf55b2) Importer(815301076,1909f56bfc062723c751e8b465ee728b)
Start importing Assets/HQP STUDIOS/Rocks and Terrains Pack - Low Poly/Models/Rocks/Square Rocks/Moss Square Rocks/Square_Moss_Rock_18.fbx using Guid(332a9a2248d5f784ab9debf00ecf55b2) Importer(815301076,1909f56bfc062723c751e8b465ee728b) (PreviewImporter) -> (artifact id: '7f09c70dae35ed5b36f6668e70179b5c') in 0.0418985 seconds
Number of updated asset objects reloaded before import = 0Number of asset objects unloaded after import = 9

========================================================================
Received Import Request.
  Time since last request: 0.000041 seconds.
  path: Assets/HQP STUDIOS/Rocks and Terrains Pack - Low Poly/Prefabs/Rocks/Square Rocks/Moss Square Rocks/Square_Moss_Rock_23.prefab
  artifactKey: Guid(03f0097c5fe37d043b0a7587faba42c5) Importer(815301076,1909f56bfc062723c751e8b465ee728b)
Start importing Assets/HQP STUDIOS/Rocks and Terrains Pack - Low Poly/Prefabs/Rocks/Square Rocks/Moss Square Rocks/Square_Moss_Rock_23.prefab using Guid(03f0097c5fe37d043b0a7587faba42c5) Importer(815301076,1909f56bfc062723c751e8b465ee728b) (PreviewImporter) -> (artifact id: 'af0d7b808c40a6702fe8b1f08c60e461') in 0.0308683 seconds
Number of updated asset objects reloaded before import = 0Number of asset objects unloaded after import = 15

========================================================================
Received Import Request.
  Time since last request: 0.000063 seconds.
  path: Assets/HQP STUDIOS/Rocks and Terrains Pack - Low Poly/Models/Rocks/Square Rocks/Moss Square Rocks/Square_Moss_Rock_26.fbx
  artifactKey: Guid(868d52e8921fcc04a9559668f67f97a4) Importer(815301076,1909f56bfc062723c751e8b465ee728b)
Start importing Assets/HQP STUDIOS/Rocks and Terrains Pack - Low Poly/Models/Rocks/Square Rocks/Moss Square Rocks/Square_Moss_Rock_26.fbx using Guid(868d52e8921fcc04a9559668f67f97a4) Importer(815301076,1909f56bfc062723c751e8b465ee728b) (PreviewImporter) -> (artifact id: '2b4b5c9dbe25c672f0820c3ff085aac2') in 0.0440564 seconds
Number of updated asset objects reloaded before import = 0Number of asset objects unloaded after import = 9

========================================================================
Received Import Request.
  Time since last request: 0.000035 seconds.
  path: Assets/HQP STUDIOS/Rocks and Terrains Pack - Low Poly/Prefabs/Rocks/Square Rocks/Moss Square Rocks/Square_Moss_Rock_29.prefab
  artifactKey: Guid(b3dd3045741666548a58ff1cca9b3d90) Importer(815301076,1909f56bfc062723c751e8b465ee728b)
Start importing Assets/HQP STUDIOS/Rocks and Terrains Pack - Low Poly/Prefabs/Rocks/Square Rocks/Moss Square Rocks/Square_Moss_Rock_29.prefab using Guid(b3dd3045741666548a58ff1cca9b3d90) Importer(815301076,1909f56bfc062723c751e8b465ee728b) (PreviewImporter) -> (artifact id: 'ec0f58be6c2c161ac2ce40035e147ca8') in 0.0291966 seconds
Number of updated asset objects reloaded before import = 0Number of asset objects unloaded after import = 15

========================================================================
Received Import Request.
  Time since last request: 0.017095 seconds.
  path: Assets/HQP STUDIOS/Rocks and Terrains Pack - Low Poly/Models/Rocks/Square Rocks/Moss Square Rocks/Square_Moss_Rock_1.fbx
  artifactKey: Guid(b5630a2e6bf15f8439c9dffcc3d63ffd) Importer(815301076,1909f56bfc062723c751e8b465ee728b)
Start importing Assets/HQP STUDIOS/Rocks and Terrains Pack - Low Poly/Models/Rocks/Square Rocks/Moss Square Rocks/Square_Moss_Rock_1.fbx using Guid(b5630a2e6bf15f8439c9dffcc3d63ffd) Importer(815301076,1909f56bfc062723c751e8b465ee728b) (PreviewImporter) -> (artifact id: 'ba2801118a5b0ed76f17d2e7b0a6529f') in 0.0330794 seconds
Number of updated asset objects reloaded before import = 0Number of asset objects unloaded after import = 9

========================================================================
Received Import Request.
  Time since last request: 0.000044 seconds.
  path: Assets/HQP STUDIOS/Rocks and Terrains Pack - Low Poly/Prefabs/Rocks/Square Rocks/Moss Square Rocks/Square_Moss_Rock_4.prefab
  artifactKey: Guid(8c0dc0df7d65a594d866a6668d848b0d) Importer(815301076,1909f56bfc062723c751e8b465ee728b)
Start importing Assets/HQP STUDIOS/Rocks and Terrains Pack - Low Poly/Prefabs/Rocks/Square Rocks/Moss Square Rocks/Square_Moss_Rock_4.prefab using Guid(8c0dc0df7d65a594d866a6668d848b0d) Importer(815301076,1909f56bfc062723c751e8b465ee728b) (PreviewImporter) -> (artifact id: 'e32e33d3cc494ad996413a71848586b4') in 0.0295839 seconds
Number of updated asset objects reloaded before import = 0Number of asset objects unloaded after import = 15

========================================================================
Received Import Request.
  Time since last request: 0.000049 seconds.
  path: Assets/HQP STUDIOS/Rocks and Terrains Pack - Low Poly/Prefabs/Rocks/Sharp Rocks/Snow Sharp Rocks/Sharp_Snow_Rock_10.prefab
  artifactKey: Guid(7c79888dc20aaf24ab27faba7ec5f22f) Importer(815301076,1909f56bfc062723c751e8b465ee728b)
Start importing Assets/HQP STUDIOS/Rocks and Terrains Pack - Low Poly/Prefabs/Rocks/Sharp Rocks/Snow Sharp Rocks/Sharp_Snow_Rock_10.prefab using Guid(7c79888dc20aaf24ab27faba7ec5f22f) Importer(815301076,1909f56bfc062723c751e8b465ee728b) (PreviewImporter) -> (artifact id: 'e1e91cdb5479c09d9b172bf1ede741c9') in 0.0223399 seconds
Number of updated asset objects reloaded before import = 0Number of asset objects unloaded after import = 15

========================================================================
Received Prepare
Begin MonoManager ReloadAssembly
- Loaded All Assemblies, in  1.778 seconds
Refreshing native plugins compatible for Editor in 5.63 ms, found 7 plugins.
Native extension for WindowsStandalone target not found
Native extension for WebGL target not found
[Package Manager] Failed to launch server process. Reason: Unity was launched with the -noUpm command-line argument
[Package Manager] Unable to send message (not connected to server process).
[Package Manager] Cannot connect to Unity Package Manager local server
Mono: successfully reloaded assembly
- Finished resetting the current domain, in  2.079 seconds
Domain Reload Profiling: 3859ms
	BeginReloadAssembly (560ms)
		ExecutionOrderSort (0ms)
		DisableScriptedObjects (31ms)
		BackupInstance (0ms)
		ReleaseScriptingObjects (0ms)
		CreateAndSetChildDomain (108ms)
	RebuildCommonClasses (58ms)
	RebuildNativeTypeToScriptingClass (20ms)
	initialDomainReloadingComplete (45ms)
	LoadAllAssembliesAndSetupDomain (1096ms)
		LoadAssemblies (985ms)
		RebuildTransferFunctionScriptingTraits (0ms)
		AnalyzeDomain (435ms)
			TypeCache.Refresh (22ms)
				TypeCache.ScanAssembly (0ms)
			BuildScriptInfoCaches (376ms)
			ResolveRequiredComponents (30ms)
	FinalizeReload (2080ms)
		ReleaseScriptCaches (0ms)
		RebuildScriptCaches (0ms)
		SetupLoadedEditorAssemblies (1740ms)
			LogAssemblyErrors (0ms)
			InitializePlatformSupportModulesInManaged (5ms)
			SetLoadedEditorAssemblies (10ms)
			BeforeProcessingInitializeOnLoad (335ms)
			ProcessInitializeOnLoadAttributes (1247ms)
			ProcessInitializeOnLoadMethodAttributes (137ms)
			AfterProcessingInitializeOnLoad (5ms)
			EditorAssembliesLoaded (1ms)
		ExecutionOrderSort2 (0ms)
		AwakeInstancesAfterBackupRestoration (49ms)
WARNING: Shader Unsupported: 'Hidden/Builtin_TerrainVisualization' - All subshaders removed
WARNING: Shader Did you use #pragma only_renderers and omit this platform?
WARNING: Shader If subshaders removal was intentional, you may have forgotten turning Fallback off?
WARNING: Shader Unsupported: 'Hidden/Builtin_TerrainVisualization' - All subshaders removed
WARNING: Shader Did you use #pragma only_renderers and omit this platform?
WARNING: Shader If subshaders removal was intentional, you may have forgotten turning Fallback off?
Refreshing native plugins compatible for Editor in 91.21 ms, found 7 plugins.
Preloading 0 native plugins for Editor in 0.00 ms.
Unloading 37 Unused Serialized files (Serialized files now loaded: 0)
Unloading 6661 unused Assets / (4.6 MB). Loaded Objects now: 7497.
Memory consumption went from 170.9 MB to 166.3 MB.
Total: 23.707600 ms (FindLiveObjects: 1.454800 ms CreateObjectMapping: 2.220000 ms MarkObjects: 14.007200 ms  DeleteObjects: 6.023100 ms)

Prepare: number of updated asset objects reloaded= 0
========================================================================
Received Prepare
Begin MonoManager ReloadAssembly
- Loaded All Assemblies, in  1.087 seconds
Refreshing native plugins compatible for Editor in 4.07 ms, found 7 plugins.
Native extension for WindowsStandalone target not found
Native extension for WebGL target not found
[Package Manager] Failed to launch server process. Reason: Unity was launched with the -noUpm command-line argument
[Package Manager] Unable to send message (not connected to server process).
[Package Manager] Cannot connect to Unity Package Manager local server
Mono: successfully reloaded assembly
- Finished resetting the current domain, in  1.221 seconds
Domain Reload Profiling: 2306ms
	BeginReloadAssembly (324ms)
		ExecutionOrderSort (0ms)
		DisableScriptedObjects (7ms)
		BackupInstance (0ms)
		ReleaseScriptingObjects (0ms)
		CreateAndSetChildDomain (85ms)
	RebuildCommonClasses (47ms)
	RebuildNativeTypeToScriptingClass (15ms)
	initialDomainReloadingComplete (30ms)
	LoadAllAssembliesAndSetupDomain (670ms)
		LoadAssemblies (534ms)
		RebuildTransferFunctionScriptingTraits (0ms)
		AnalyzeDomain (292ms)
			TypeCache.Refresh (9ms)
				TypeCache.ScanAssembly (0ms)
			BuildScriptInfoCaches (266ms)
			ResolveRequiredComponents (12ms)
	FinalizeReload (1221ms)
		ReleaseScriptCaches (0ms)
		RebuildScriptCaches (0ms)
		SetupLoadedEditorAssemblies (989ms)
			LogAssemblyErrors (0ms)
			InitializePlatformSupportModulesInManaged (3ms)
			SetLoadedEditorAssemblies (5ms)
			BeforeProcessingInitializeOnLoad (159ms)
			ProcessInitializeOnLoadAttributes (740ms)
			ProcessInitializeOnLoadMethodAttributes (78ms)
			AfterProcessingInitializeOnLoad (3ms)
			EditorAssembliesLoaded (0ms)
		ExecutionOrderSort2 (0ms)
		AwakeInstancesAfterBackupRestoration (23ms)
WARNING: Shader Unsupported: 'Hidden/Builtin_TerrainVisualization' - All subshaders removed
WARNING: Shader Did you use #pragma only_renderers and omit this platform?
WARNING: Shader If subshaders removal was intentional, you may have forgotten turning Fallback off?
WARNING: Shader Unsupported: 'Hidden/Builtin_TerrainVisualization' - All subshaders removed
WARNING: Shader Did you use #pragma only_renderers and omit this platform?
WARNING: Shader If subshaders removal was intentional, you may have forgotten turning Fallback off?
Refreshing native plugins compatible for Editor in 7.24 ms, found 7 plugins.
Preloading 0 native plugins for Editor in 0.00 ms.
Unloading 37 Unused Serialized files (Serialized files now loaded: 0)
Unloading 6660 unused Assets / (8.4 MB). Loaded Objects now: 7499.
Memory consumption went from 170.8 MB to 162.3 MB.
Total: 22.448200 ms (FindLiveObjects: 1.261000 ms CreateObjectMapping: 2.291900 ms MarkObjects: 11.779200 ms  DeleteObjects: 7.114500 ms)

Prepare: number of updated asset objects reloaded= 0
========================================================================
Received Prepare
Begin MonoManager ReloadAssembly
- Loaded All Assemblies, in  1.246 seconds
Refreshing native plugins compatible for Editor in 4.54 ms, found 7 plugins.
Native extension for WindowsStandalone target not found
Native extension for WebGL target not found
[Package Manager] Failed to launch server process. Reason: Unity was launched with the -noUpm command-line argument
[Package Manager] Unable to send message (not connected to server process).
[Package Manager] Cannot connect to Unity Package Manager local server
Mono: successfully reloaded assembly
- Finished resetting the current domain, in  1.089 seconds
Domain Reload Profiling: 2334ms
	BeginReloadAssembly (352ms)
		ExecutionOrderSort (0ms)
		DisableScriptedObjects (9ms)
		BackupInstance (0ms)
		ReleaseScriptingObjects (0ms)
		CreateAndSetChildDomain (70ms)
	RebuildCommonClasses (43ms)
	RebuildNativeTypeToScriptingClass (19ms)
	initialDomainReloadingComplete (35ms)
	LoadAllAssembliesAndSetupDomain (796ms)
		LoadAssemblies (668ms)
		RebuildTransferFunctionScriptingTraits (0ms)
		AnalyzeDomain (322ms)
			TypeCache.Refresh (15ms)
				TypeCache.ScanAssembly (0ms)
			BuildScriptInfoCaches (287ms)
			ResolveRequiredComponents (14ms)
	FinalizeReload (1089ms)
		ReleaseScriptCaches (0ms)
		RebuildScriptCaches (0ms)
		SetupLoadedEditorAssemblies (911ms)
			LogAssemblyErrors (0ms)
			InitializePlatformSupportModulesInManaged (3ms)
			SetLoadedEditorAssemblies (5ms)
			BeforeProcessingInitializeOnLoad (170ms)
			ProcessInitializeOnLoadAttributes (658ms)
			ProcessInitializeOnLoadMethodAttributes (71ms)
			AfterProcessingInitializeOnLoad (3ms)
			EditorAssembliesLoaded (0ms)
		ExecutionOrderSort2 (0ms)
		AwakeInstancesAfterBackupRestoration (22ms)
WARNING: Shader Unsupported: 'Hidden/Builtin_TerrainVisualization' - All subshaders removed
WARNING: Shader Did you use #pragma only_renderers and omit this platform?
WARNING: Shader If subshaders removal was intentional, you may have forgotten turning Fallback off?
WARNING: Shader Unsupported: 'Hidden/Builtin_TerrainVisualization' - All subshaders removed
WARNING: Shader Did you use #pragma only_renderers and omit this platform?
WARNING: Shader If subshaders removal was intentional, you may have forgotten turning Fallback off?
Refreshing native plugins compatible for Editor in 8.46 ms, found 7 plugins.
Preloading 0 native plugins for Editor in 0.00 ms.
Unloading 37 Unused Serialized files (Serialized files now loaded: 0)
Unloading 6660 unused Assets / (6.9 MB). Loaded Objects now: 7501.
Memory consumption went from 170.8 MB to 163.9 MB.
Total: 26.269200 ms (FindLiveObjects: 1.249800 ms CreateObjectMapping: 2.170400 ms MarkObjects: 15.642300 ms  DeleteObjects: 7.205100 ms)

Prepare: number of updated asset objects reloaded= 0
========================================================================
Received Import Request.
  Time since last request: 190.223561 seconds.
  path: Assets/HQP STUDIOS/Rocks and Terrains Pack - Low Poly/Prefabs/Rocks/Sharp Rocks/Snow Sharp Rocks/Sharp_Snow_Rock_4.prefab
  artifactKey: Guid(5be86a286153c1d42abea59c47df4d59) Importer(815301076,1909f56bfc062723c751e8b465ee728b)
Start importing Assets/HQP STUDIOS/Rocks and Terrains Pack - Low Poly/Prefabs/Rocks/Sharp Rocks/Snow Sharp Rocks/Sharp_Snow_Rock_4.prefab using Guid(5be86a286153c1d42abea59c47df4d59) Importer(815301076,1909f56bfc062723c751e8b465ee728b) (PreviewImporter) -> (artifact id: 'd5b5c74b9e809651dd08840d86cefb36') in 0.995307 seconds
Number of updated asset objects reloaded before import = 0Number of asset objects unloaded after import = 15

========================================================================
Received Import Request.
  Time since last request: 0.000036 seconds.
  path: Assets/HQP STUDIOS/Rocks and Terrains Pack - Low Poly/Prefabs/Rocks/Sharp Rocks/Sharp Rocks/Sharp_Rock_5.prefab
  artifactKey: Guid(81f6e8ec1dbf72f499f171b2f696352b) Importer(815301076,1909f56bfc062723c751e8b465ee728b)
Start importing Assets/HQP STUDIOS/Rocks and Terrains Pack - Low Poly/Prefabs/Rocks/Sharp Rocks/Sharp Rocks/Sharp_Rock_5.prefab using Guid(81f6e8ec1dbf72f499f171b2f696352b) Importer(815301076,1909f56bfc062723c751e8b465ee728b) (PreviewImporter) -> (artifact id: '428d506025a0923dfe94797ae669ec44') in 0.0313847 seconds
Number of updated asset objects reloaded before import = 0Number of asset objects unloaded after import = 15

========================================================================
Received Import Request.
  Time since last request: 0.000060 seconds.
  path: Assets/HQP STUDIOS/Rocks and Terrains Pack - Low Poly/Models/Rocks/Sharp Rocks/Sharp Rocks/Sharp_Rock_5.fbx
  artifactKey: Guid(9f54bd20da34f534595483e973d23a45) Importer(815301076,1909f56bfc062723c751e8b465ee728b)
Start importing Assets/HQP STUDIOS/Rocks and Terrains Pack - Low Poly/Models/Rocks/Sharp Rocks/Sharp Rocks/Sharp_Rock_5.fbx using Guid(9f54bd20da34f534595483e973d23a45) Importer(815301076,1909f56bfc062723c751e8b465ee728b) (PreviewImporter) -> (artifact id: 'f2c5075d230475db13b11d5e1c913270') in 0.0892998 seconds
Number of updated asset objects reloaded before import = 0Number of asset objects unloaded after import = 9

========================================================================
Received Import Request.
  Time since last request: 0.000036 seconds.
  path: Assets/HQP STUDIOS/Rocks and Terrains Pack - Low Poly/Models/Rocks/Sharp Rocks/Sharp Rocks/Sharp_Rock_8.fbx
  artifactKey: Guid(bb24ffc3f94bcf34abaf10708dfebf3c) Importer(815301076,1909f56bfc062723c751e8b465ee728b)
Start importing Assets/HQP STUDIOS/Rocks and Terrains Pack - Low Poly/Models/Rocks/Sharp Rocks/Sharp Rocks/Sharp_Rock_8.fbx using Guid(bb24ffc3f94bcf34abaf10708dfebf3c) Importer(815301076,1909f56bfc062723c751e8b465ee728b) (PreviewImporter) -> (artifact id: 'b45b0be08828390c9c6da18b0dcc1a15') in 0.0383016 seconds
Number of updated asset objects reloaded before import = 0Number of asset objects unloaded after import = 9

========================================================================
Received Import Request.
  Time since last request: 0.000052 seconds.
  path: Assets/HQP STUDIOS/Rocks and Terrains Pack - Low Poly/Prefabs/Rocks/Sharp Rocks/Sharp Rocks/Sharp_Rock_7.prefab
  artifactKey: Guid(9ccd28d97ea79234fa98acf14a38fdce) Importer(815301076,1909f56bfc062723c751e8b465ee728b)
Start importing Assets/HQP STUDIOS/Rocks and Terrains Pack - Low Poly/Prefabs/Rocks/Sharp Rocks/Sharp Rocks/Sharp_Rock_7.prefab using Guid(9ccd28d97ea79234fa98acf14a38fdce) Importer(815301076,1909f56bfc062723c751e8b465ee728b) (PreviewImporter) -> (artifact id: '85fffd52e4696c06fbce7c8d2fe8b590') in 0.0261284 seconds
Number of updated asset objects reloaded before import = 0Number of asset objects unloaded after import = 15

========================================================================
Received Import Request.
  Time since last request: 0.000043 seconds.
  path: Assets/HQP STUDIOS/Rocks and Terrains Pack - Low Poly/Models/Rocks/Sharp Rocks/Moss Sharp Rocks/Sharp_Moss_Rock_5.fbx
  artifactKey: Guid(cd58cdc79b1d99d4aa2f3115cc16d5ea) Importer(815301076,1909f56bfc062723c751e8b465ee728b)
Start importing Assets/HQP STUDIOS/Rocks and Terrains Pack - Low Poly/Models/Rocks/Sharp Rocks/Moss Sharp Rocks/Sharp_Moss_Rock_5.fbx using Guid(cd58cdc79b1d99d4aa2f3115cc16d5ea) Importer(815301076,1909f56bfc062723c751e8b465ee728b) (PreviewImporter) -> (artifact id: '1cc05c9fc4720f6143d99f43749c0a97') in 0.0402146 seconds
Number of updated asset objects reloaded before import = 0Number of asset objects unloaded after import = 9

========================================================================
Received Import Request.
  Time since last request: 0.000038 seconds.
  path: Assets/HQP STUDIOS/Rocks and Terrains Pack - Low Poly/Models/Rocks/Sharp Rocks/Sharp Rocks/Sharp_Rock_4.fbx
  artifactKey: Guid(80e897207f8a40a4fb8463f2a9a3a194) Importer(815301076,1909f56bfc062723c751e8b465ee728b)
Start importing Assets/HQP STUDIOS/Rocks and Terrains Pack - Low Poly/Models/Rocks/Sharp Rocks/Sharp Rocks/Sharp_Rock_4.fbx using Guid(80e897207f8a40a4fb8463f2a9a3a194) Importer(815301076,1909f56bfc062723c751e8b465ee728b) (PreviewImporter) -> (artifact id: 'cb60e4dfb690803a97ee7742b69b96d5') in 0.0384814 seconds
Number of updated asset objects reloaded before import = 0Number of asset objects unloaded after import = 9

========================================================================
Received Import Request.
  Time since last request: 0.000029 seconds.
  path: Assets/HQP STUDIOS/Rocks and Terrains Pack - Low Poly/Prefabs/Rocks/Sharp Rocks/Snow Sharp Rocks/Sharp_Snow_Rock_8.prefab
  artifactKey: Guid(6d23b179d03ddb843972b0a23ae673eb) Importer(815301076,1909f56bfc062723c751e8b465ee728b)
Start importing Assets/HQP STUDIOS/Rocks and Terrains Pack - Low Poly/Prefabs/Rocks/Sharp Rocks/Snow Sharp Rocks/Sharp_Snow_Rock_8.prefab using Guid(6d23b179d03ddb843972b0a23ae673eb) Importer(815301076,1909f56bfc062723c751e8b465ee728b) (PreviewImporter) -> (artifact id: '371fb0d29d4aa61b84c5f51c6f77ec25') in 0.0278843 seconds
Number of updated asset objects reloaded before import = 0Number of asset objects unloaded after import = 15

========================================================================
Received Import Request.
  Time since last request: 0.000054 seconds.
  path: Assets/HQP STUDIOS/Rocks and Terrains Pack - Low Poly/Prefabs/Rocks/Sharp Rocks/Sharp Rocks/Sharp_Rock_4.prefab
  artifactKey: Guid(5c3b12780888d1d4bbcb2225bc163989) Importer(815301076,1909f56bfc062723c751e8b465ee728b)
Start importing Assets/HQP STUDIOS/Rocks and Terrains Pack - Low Poly/Prefabs/Rocks/Sharp Rocks/Sharp Rocks/Sharp_Rock_4.prefab using Guid(5c3b12780888d1d4bbcb2225bc163989) Importer(815301076,1909f56bfc062723c751e8b465ee728b) (PreviewImporter) -> (artifact id: '66e2de8b86c3e54a35aa654e8cd8f4f7') in 0.0288763 seconds
Number of updated asset objects reloaded before import = 0Number of asset objects unloaded after import = 15

========================================================================
Received Import Request.
  Time since last request: 0.000035 seconds.
  path: Assets/HQP STUDIOS/Rocks and Terrains Pack - Low Poly/Models/Rocks/Sharp Rocks/Moss Sharp Rocks/Sharp_Moss_Rock_6.fbx
  artifactKey: Guid(9c7621be3bb16ed49a1fee1d33825b04) Importer(815301076,1909f56bfc062723c751e8b465ee728b)
Start importing Assets/HQP STUDIOS/Rocks and Terrains Pack - Low Poly/Models/Rocks/Sharp Rocks/Moss Sharp Rocks/Sharp_Moss_Rock_6.fbx using Guid(9c7621be3bb16ed49a1fee1d33825b04) Importer(815301076,1909f56bfc062723c751e8b465ee728b) (PreviewImporter) -> (artifact id: 'b64ad288460eb3d718df4c07f133d053') in 0.0424245 seconds
Number of updated asset objects reloaded before import = 0Number of asset objects unloaded after import = 9

========================================================================
Received Import Request.
  Time since last request: 0.000042 seconds.
  path: Assets/HQP STUDIOS/Rocks and Terrains Pack - Low Poly/Models/Rocks/Sharp Rocks/Moss Sharp Rocks/Sharp_Moss_Rock_11.fbx
  artifactKey: Guid(bf61d77a0aa4de145a641f6a614f2323) Importer(815301076,1909f56bfc062723c751e8b465ee728b)
Start importing Assets/HQP STUDIOS/Rocks and Terrains Pack - Low Poly/Models/Rocks/Sharp Rocks/Moss Sharp Rocks/Sharp_Moss_Rock_11.fbx using Guid(bf61d77a0aa4de145a641f6a614f2323) Importer(815301076,1909f56bfc062723c751e8b465ee728b) (PreviewImporter) -> (artifact id: 'cfea273ccd3b48e1c2546f73658e9cef') in 0.0507559 seconds
Number of updated asset objects reloaded before import = 0Number of asset objects unloaded after import = 9

========================================================================
Received Import Request.
  Time since last request: 3.912363 seconds.
  path: Assets/Obstacle Pack/Models/obstacle flamethrower.fbx
  artifactKey: Guid(7df3c6926fd734353aac4d8ee499c250) Importer(815301076,1909f56bfc062723c751e8b465ee728b)
Start importing Assets/Obstacle Pack/Models/obstacle flamethrower.fbx using Guid(7df3c6926fd734353aac4d8ee499c250) Importer(815301076,1909f56bfc062723c751e8b465ee728b) (PreviewImporter) -> (artifact id: '34b392e278c467193acf265550a48829') in 0.0507838 seconds
Number of updated asset objects reloaded before import = 0Number of asset objects unloaded after import = 9

========================================================================
Received Import Request.
  Time since last request: 0.000034 seconds.
  path: Assets/Obstacle Pack/Models/obstacle spike.fbx
  artifactKey: Guid(204ad0e993e35443c87eb42f81edaed7) Importer(815301076,1909f56bfc062723c751e8b465ee728b)
Start importing Assets/Obstacle Pack/Models/obstacle spike.fbx using Guid(204ad0e993e35443c87eb42f81edaed7) Importer(815301076,1909f56bfc062723c751e8b465ee728b) (PreviewImporter) -> (artifact id: '3d536258bde7a9e8919970600fac6bb8') in 0.1098091 seconds
Number of updated asset objects reloaded before import = 0Number of asset objects unloaded after import = 16

========================================================================
Received Import Request.
  Time since last request: 0.000052 seconds.
  path: Assets/VFX/UnityTechnologies/EffectExamples/WeaponEffects/Prefabs/MuzzleFlashEffect.prefab
  artifactKey: Guid(9defeac88977c0d448aa4541073ee9e4) Importer(815301076,1909f56bfc062723c751e8b465ee728b)
Start importing Assets/VFX/UnityTechnologies/EffectExamples/WeaponEffects/Prefabs/MuzzleFlashEffect.prefab using Guid(9defeac88977c0d448aa4541073ee9e4) Importer(815301076,1909f56bfc062723c751e8b465ee728b) (PreviewImporter) -> (artifact id: '2fbc7b9404672818fb3d4060280b3212') in 0.0540462 seconds
Number of updated asset objects reloaded before import = 0Number of asset objects unloaded after import = 12

========================================================================
Received Import Request.
  Time since last request: 4.132547 seconds.
  path: Assets/HQP STUDIOS/Rocks and Terrains Pack - Low Poly/Models/Terrains/Mountains/NoLOD/Mountain_L_14.fbx
  artifactKey: Guid(8908f3b1f6e800c4fada27d26f73cc7a) Importer(815301076,1909f56bfc062723c751e8b465ee728b)
Start importing Assets/HQP STUDIOS/Rocks and Terrains Pack - Low Poly/Models/Terrains/Mountains/NoLOD/Mountain_L_14.fbx using Guid(8908f3b1f6e800c4fada27d26f73cc7a) Importer(815301076,1909f56bfc062723c751e8b465ee728b) (PreviewImporter) -> (artifact id: 'f4636b8a1f7a3ffc1c0505dc1dec0858') in 0.0899472 seconds
Number of updated asset objects reloaded before import = 0Number of asset objects unloaded after import = 9

========================================================================
Received Import Request.
  Time since last request: 0.000044 seconds.
  path: Assets/HQP STUDIOS/Rocks and Terrains Pack - Low Poly/Prefabs/Terrains/Mountains/LOD/Mountain_L_09_LOD.prefab
  artifactKey: Guid(a855160a7b06bec40a283d62e3d82fd4) Importer(815301076,1909f56bfc062723c751e8b465ee728b)
Start importing Assets/HQP STUDIOS/Rocks and Terrains Pack - Low Poly/Prefabs/Terrains/Mountains/LOD/Mountain_L_09_LOD.prefab using Guid(a855160a7b06bec40a283d62e3d82fd4) Importer(815301076,1909f56bfc062723c751e8b465ee728b) (PreviewImporter) -> (artifact id: 'c17fe6e1e87ba37d266ce9b3106d08c4') in 0.0404288 seconds
Number of updated asset objects reloaded before import = 0Number of asset objects unloaded after import = 28

========================================================================
Received Import Request.
  Time since last request: 0.000116 seconds.
  path: Assets/HQP STUDIOS/Rocks and Terrains Pack - Low Poly/Prefabs/Terrains/Mountains/LOD/Mountain_L_10_LOD.prefab
  artifactKey: Guid(2ed04fd6c2e0c884f8470f5136f96c86) Importer(815301076,1909f56bfc062723c751e8b465ee728b)
Start importing Assets/HQP STUDIOS/Rocks and Terrains Pack - Low Poly/Prefabs/Terrains/Mountains/LOD/Mountain_L_10_LOD.prefab using Guid(2ed04fd6c2e0c884f8470f5136f96c86) Importer(815301076,1909f56bfc062723c751e8b465ee728b) (PreviewImporter) -> (artifact id: '908f0197795cde6e02a6b1da203d0bdd') in 0.0422817 seconds
Number of updated asset objects reloaded before import = 0Number of asset objects unloaded after import = 28

========================================================================
Received Import Request.
  Time since last request: 0.000045 seconds.
  path: Assets/HQP STUDIOS/Rocks and Terrains Pack - Low Poly/Models/Terrains/Mountains/NoLOD/Mountain_L_11.fbx
  artifactKey: Guid(53df8ca26c9290f49a430a8499d8ef3f) Importer(815301076,1909f56bfc062723c751e8b465ee728b)
Start importing Assets/HQP STUDIOS/Rocks and Terrains Pack - Low Poly/Models/Terrains/Mountains/NoLOD/Mountain_L_11.fbx using Guid(53df8ca26c9290f49a430a8499d8ef3f) Importer(815301076,1909f56bfc062723c751e8b465ee728b) (PreviewImporter) -> (artifact id: '5712799e5828e962d27a86a94400a456') in 0.0545635 seconds
Number of updated asset objects reloaded before import = 0Number of asset objects unloaded after import = 9

========================================================================
Received Import Request.
  Time since last request: 0.000063 seconds.
  path: Assets/HQP STUDIOS/Rocks and Terrains Pack - Low Poly/Models/Terrains/Mountains/NoLOD/Mountain_L_06.fbx
  artifactKey: Guid(195d9ac76a06f3641adb7e800f293344) Importer(815301076,1909f56bfc062723c751e8b465ee728b)
Start importing Assets/HQP STUDIOS/Rocks and Terrains Pack - Low Poly/Models/Terrains/Mountains/NoLOD/Mountain_L_06.fbx using Guid(195d9ac76a06f3641adb7e800f293344) Importer(815301076,1909f56bfc062723c751e8b465ee728b) (PreviewImporter) -> (artifact id: '88acd60f4d4d9ba13bf2ae2219634a06') in 0.0538435 seconds
Number of updated asset objects reloaded before import = 0Number of asset objects unloaded after import = 9

========================================================================
Received Import Request.
  Time since last request: 0.000041 seconds.
  path: Assets/HQP STUDIOS/Rocks and Terrains Pack - Low Poly/Models/Terrains/Mountains/NoLOD/Mountain_L_04.fbx
  artifactKey: Guid(601223d491ea43446ab1a2c7252c7b4d) Importer(815301076,1909f56bfc062723c751e8b465ee728b)
Start importing Assets/HQP STUDIOS/Rocks and Terrains Pack - Low Poly/Models/Terrains/Mountains/NoLOD/Mountain_L_04.fbx using Guid(601223d491ea43446ab1a2c7252c7b4d) Importer(815301076,1909f56bfc062723c751e8b465ee728b) (PreviewImporter) -> (artifact id: '4282cc42ddead43ccdc5b2d331beafe5') in 0.0507382 seconds
Number of updated asset objects reloaded before import = 0Number of asset objects unloaded after import = 9

========================================================================
Received Import Request.
  Time since last request: 0.000067 seconds.
  path: Assets/Obstacle Pack/Prefabs/log_trap.prefab
  artifactKey: Guid(3be617efde6ad4176bc0c66747635f24) Importer(815301076,1909f56bfc062723c751e8b465ee728b)
Start importing Assets/Obstacle Pack/Prefabs/log_trap.prefab using Guid(3be617efde6ad4176bc0c66747635f24) Importer(815301076,1909f56bfc062723c751e8b465ee728b) (PreviewImporter) -> (artifact id: '4efb3ae02b218001d2d33844ca4e6b45') in 0.0325935 seconds
Number of updated asset objects reloaded before import = 0Number of asset objects unloaded after import = 29

========================================================================
Received Import Request.
  Time since last request: 0.000032 seconds.
  path: Assets/FBX format/lock.fbx
  artifactKey: Guid(5d42d008417a5fc4da7df826f365b607) Importer(815301076,1909f56bfc062723c751e8b465ee728b)
Start importing Assets/FBX format/lock.fbx using Guid(5d42d008417a5fc4da7df826f365b607) Importer(815301076,1909f56bfc062723c751e8b465ee728b) (PreviewImporter) -> (artifact id: 'c08347e602a684ef1df0b5522f7d0a00') in 0.0418166 seconds
Number of updated asset objects reloaded before import = 0Number of asset objects unloaded after import = 9

========================================================================
Received Import Request.
  Time since last request: 0.000068 seconds.
  path: Assets/HaniJahanDesign/FreePack/Models/HJD_FP_Hazzard_02.fbx
  artifactKey: Guid(04e33a1eb0833474f8ebb3d6a3d77b4c) Importer(815301076,1909f56bfc062723c751e8b465ee728b)
Start importing Assets/HaniJahanDesign/FreePack/Models/HJD_FP_Hazzard_02.fbx using Guid(04e33a1eb0833474f8ebb3d6a3d77b4c) Importer(815301076,1909f56bfc062723c751e8b465ee728b) (PreviewImporter) -> (artifact id: '1749ac7f467dc22fddd39ec004e78dda') in 0.07619 seconds
Number of updated asset objects reloaded before import = 0Number of asset objects unloaded after import = 16

========================================================================
Received Import Request.
  Time since last request: 0.000065 seconds.
  path: Assets/FBX format/jewel.fbx
  artifactKey: Guid(1199ae4fcc4d6294ab874da264c5aa25) Importer(815301076,1909f56bfc062723c751e8b465ee728b)
Start importing Assets/FBX format/jewel.fbx using Guid(1199ae4fcc4d6294ab874da264c5aa25) Importer(815301076,1909f56bfc062723c751e8b465ee728b) (PreviewImporter) -> (artifact id: '6d443eb37544fee33cec6533736dd5da') in 0.0792459 seconds
Number of updated asset objects reloaded before import = 0Number of asset objects unloaded after import = 9

========================================================================
Received Import Request.
  Time since last request: 0.000039 seconds.
  path: Assets/HQP STUDIOS/Rocks and Terrains Pack - Low Poly/Models/Terrains/Mountains/LOD/Mountain_L_02_LOD.fbx
  artifactKey: Guid(63d926f6588f9544ca705c2c572f4202) Importer(815301076,1909f56bfc062723c751e8b465ee728b)
Start importing Assets/HQP STUDIOS/Rocks and Terrains Pack - Low Poly/Models/Terrains/Mountains/LOD/Mountain_L_02_LOD.fbx using Guid(63d926f6588f9544ca705c2c572f4202) Importer(815301076,1909f56bfc062723c751e8b465ee728b) (PreviewImporter) -> (artifact id: 'ef5ffc0c3840f9ea7a59e387335be05a') in 0.1367859 seconds
Number of updated asset objects reloaded before import = 0Number of asset objects unloaded after import = 20

========================================================================
Received Import Request.
  Time since last request: 0.000045 seconds.
  path: Assets/HQP STUDIOS/Rocks and Terrains Pack - Low Poly/Prefabs/Terrains/Mountains/NoLOD/Mountain_L_01.prefab
  artifactKey: Guid(286276fccd5d1854f91f836141a65056) Importer(815301076,1909f56bfc062723c751e8b465ee728b)
Start importing Assets/HQP STUDIOS/Rocks and Terrains Pack - Low Poly/Prefabs/Terrains/Mountains/NoLOD/Mountain_L_01.prefab using Guid(286276fccd5d1854f91f836141a65056) Importer(815301076,1909f56bfc062723c751e8b465ee728b) (PreviewImporter) -> (artifact id: 'c35e9b40a15afbffc2ae962632e9f4de') in 0.0447856 seconds
Number of updated asset objects reloaded before import = 0Number of asset objects unloaded after import = 14

========================================================================
Received Import Request.
  Time since last request: 0.000052 seconds.
  path: Assets/HaniJahanDesign/FreePack/Prefabs/HJD_FP_Key_01.prefab
  artifactKey: Guid(37ea7a68ca5901447b57d75fe9fb14a1) Importer(815301076,1909f56bfc062723c751e8b465ee728b)
Start importing Assets/HaniJahanDesign/FreePack/Prefabs/HJD_FP_Key_01.prefab using Guid(37ea7a68ca5901447b57d75fe9fb14a1) Importer(815301076,1909f56bfc062723c751e8b465ee728b) (PreviewImporter) -> (artifact id: 'd08e0810b430f46c5989bb0b562400c5') in 0.0393253 seconds
Number of updated asset objects reloaded before import = 0Number of asset objects unloaded after import = 16

========================================================================
Received Import Request.
  Time since last request: 0.000031 seconds.
  path: Assets/HaniJahanDesign/FreePack/Prefabs/HJD_FP_Lever_01.prefab
  artifactKey: Guid(8b1efc14b5656d84fa8aed0957392df5) Importer(815301076,1909f56bfc062723c751e8b465ee728b)
Start importing Assets/HaniJahanDesign/FreePack/Prefabs/HJD_FP_Lever_01.prefab using Guid(8b1efc14b5656d84fa8aed0957392df5) Importer(815301076,1909f56bfc062723c751e8b465ee728b) (PreviewImporter) -> (artifact id: 'd008521ef01f647b5fa410d21f4202f0') in 0.0355551 seconds
Number of updated asset objects reloaded before import = 0Number of asset objects unloaded after import = 29

========================================================================
Received Import Request.
  Time since last request: 0.000039 seconds.
  path: Assets/HQP STUDIOS/Rocks and Terrains Pack - Low Poly/Prefabs/Terrains/Mountains/NoLOD/Mountain_L_11.prefab
  artifactKey: Guid(046fe6c19bb0d244491a8422969d3cea) Importer(815301076,1909f56bfc062723c751e8b465ee728b)
Start importing Assets/HQP STUDIOS/Rocks and Terrains Pack - Low Poly/Prefabs/Terrains/Mountains/NoLOD/Mountain_L_11.prefab using Guid(046fe6c19bb0d244491a8422969d3cea) Importer(815301076,1909f56bfc062723c751e8b465ee728b) (PreviewImporter) -> (artifact id: 'ed099ccd1d15f75165b7aa345c1ef284') in 0.0400403 seconds
Number of updated asset objects reloaded before import = 0Number of asset objects unloaded after import = 14

========================================================================
Received Import Request.
  Time since last request: 0.000139 seconds.
  path: Assets/HaniJahanDesign/FreePack/Prefabs/HJD_FP_Hazzard_01.prefab
  artifactKey: Guid(134f867878859b64b87b500cb64aac29) Importer(815301076,1909f56bfc062723c751e8b465ee728b)
Start importing Assets/HaniJahanDesign/FreePack/Prefabs/HJD_FP_Hazzard_01.prefab using Guid(134f867878859b64b87b500cb64aac29) Importer(815301076,1909f56bfc062723c751e8b465ee728b) (PreviewImporter) -> (artifact id: '127c1cb2224c0014395c002721a40965') in 0.0488301 seconds
Number of updated asset objects reloaded before import = 0Number of asset objects unloaded after import = 29

========================================================================
Received Import Request.
  Time since last request: 0.000033 seconds.
  path: Assets/HQP STUDIOS/Rocks and Terrains Pack - Low Poly/Prefabs/Terrains/Mountains/LOD/Mountain_L_04_LOD.prefab
  artifactKey: Guid(31893d80a95d99e4db4a86910dc603ee) Importer(815301076,1909f56bfc062723c751e8b465ee728b)
Start importing Assets/HQP STUDIOS/Rocks and Terrains Pack - Low Poly/Prefabs/Terrains/Mountains/LOD/Mountain_L_04_LOD.prefab using Guid(31893d80a95d99e4db4a86910dc603ee) Importer(815301076,1909f56bfc062723c751e8b465ee728b) (PreviewImporter) -> (artifact id: '5a19b2face4bd76c21baf2e4dd4fb3a2') in 0.0426742 seconds
Number of updated asset objects reloaded before import = 0Number of asset objects unloaded after import = 28

========================================================================
Received Import Request.
  Time since last request: 0.000042 seconds.
  path: Assets/HaniJahanDesign/FreePack/Models/HJD_FP_Key_01.fbx
  artifactKey: Guid(7288a09fdb55c88418c22df3154d698e) Importer(815301076,1909f56bfc062723c751e8b465ee728b)
Start importing Assets/HaniJahanDesign/FreePack/Models/HJD_FP_Key_01.fbx using Guid(7288a09fdb55c88418c22df3154d698e) Importer(815301076,1909f56bfc062723c751e8b465ee728b) (PreviewImporter) -> (artifact id: 'be3b4077d3561455a35fa16e20216d39') in 0.0423221 seconds
Number of updated asset objects reloaded before import = 0Number of asset objects unloaded after import = 9

========================================================================
Received Import Request.
  Time since last request: 3.274413 seconds.
  path: Assets/HaniJahanDesign/FreePack/Models/HJD_FP_Ground_Floating_02.fbx
  artifactKey: Guid(a270d445232db0c43af98d08d66adc60) Importer(815301076,1909f56bfc062723c751e8b465ee728b)
Start importing Assets/HaniJahanDesign/FreePack/Models/HJD_FP_Ground_Floating_02.fbx using Guid(a270d445232db0c43af98d08d66adc60) Importer(815301076,1909f56bfc062723c751e8b465ee728b) (PreviewImporter) -> (artifact id: '2cfd6126368ac2482a72191dab5ae800') in 0.0252932 seconds
Number of updated asset objects reloaded before import = 0Number of asset objects unloaded after import = 9

========================================================================
Received Import Request.
  Time since last request: 0.000061 seconds.
  path: Assets/HaniJahanDesign/FreePack/Prefabs/HJD_FP_Ground_Slope_01.prefab
  artifactKey: Guid(85c07aef62130bc459e6da8ccda5145c) Importer(815301076,1909f56bfc062723c751e8b465ee728b)
Start importing Assets/HaniJahanDesign/FreePack/Prefabs/HJD_FP_Ground_Slope_01.prefab using Guid(85c07aef62130bc459e6da8ccda5145c) Importer(815301076,1909f56bfc062723c751e8b465ee728b) (PreviewImporter) -> (artifact id: '580296d1d45547e192346d0bd36aa275') in 0.0320224 seconds
Number of updated asset objects reloaded before import = 0Number of asset objects unloaded after import = 16

========================================================================
Received Import Request.
  Time since last request: 0.053147 seconds.
  path: Assets/HaniJahanDesign/FreePack/Prefabs/HJD_FP_Button_01.prefab
  artifactKey: Guid(5bc9a5bbf4609924aa00bf5db217e716) Importer(815301076,1909f56bfc062723c751e8b465ee728b)
Start importing Assets/HaniJahanDesign/FreePack/Prefabs/HJD_FP_Button_01.prefab using Guid(5bc9a5bbf4609924aa00bf5db217e716) Importer(815301076,1909f56bfc062723c751e8b465ee728b) (PreviewImporter) -> (artifact id: '8670ed6371c1d59a03a626810b299106') in 0.0216529 seconds
Number of updated asset objects reloaded before import = 0Number of asset objects unloaded after import = 29

========================================================================
Received Import Request.
  Time since last request: 0.000043 seconds.
  path: Assets/HaniJahanDesign/FreePack/Models/HJD_FP_Coin_01.fbx
  artifactKey: Guid(1e609b81486ee3f4586681228e93dbb7) Importer(815301076,1909f56bfc062723c751e8b465ee728b)
Start importing Assets/HaniJahanDesign/FreePack/Models/HJD_FP_Coin_01.fbx using Guid(1e609b81486ee3f4586681228e93dbb7) Importer(815301076,1909f56bfc062723c751e8b465ee728b) (PreviewImporter) -> (artifact id: '204e4718dfb055ef08a04e03f694ba2d') in 0.0350602 seconds
Number of updated asset objects reloaded before import = 0Number of asset objects unloaded after import = 9

========================================================================
Received Import Request.
  Time since last request: 0.000044 seconds.
  path: Assets/HaniJahanDesign/FreePack/Models/HJD_FP_Ground_Block_02.fbx
  artifactKey: Guid(48c7b39446db4bd42a2a12872af5449a) Importer(815301076,1909f56bfc062723c751e8b465ee728b)
Start importing Assets/HaniJahanDesign/FreePack/Models/HJD_FP_Ground_Block_02.fbx using Guid(48c7b39446db4bd42a2a12872af5449a) Importer(815301076,1909f56bfc062723c751e8b465ee728b) (PreviewImporter) -> (artifact id: '9a8b675bc7eb8d02c52485bb04485177') in 0.0414689 seconds
Number of updated asset objects reloaded before import = 0Number of asset objects unloaded after import = 9

========================================================================
Received Import Request.
  Time since last request: 0.000083 seconds.
  path: Assets/HQP STUDIOS/Rocks and Terrains Pack - Low Poly/Prefabs/Rocks/Flat Rocks/Snow Flat Rocks/Flat_Snow_Rock_12.prefab
  artifactKey: Guid(3bef07af3f64bf64b9cf78b70c43c20e) Importer(815301076,1909f56bfc062723c751e8b465ee728b)
Start importing Assets/HQP STUDIOS/Rocks and Terrains Pack - Low Poly/Prefabs/Rocks/Flat Rocks/Snow Flat Rocks/Flat_Snow_Rock_12.prefab using Guid(3bef07af3f64bf64b9cf78b70c43c20e) Importer(815301076,1909f56bfc062723c751e8b465ee728b) (PreviewImporter) -> (artifact id: '80caa7e87ecdb2eb506687e01e91fd98') in 0.0363359 seconds
Number of updated asset objects reloaded before import = 0Number of asset objects unloaded after import = 15

========================================================================
Received Import Request.
  Time since last request: 0.000039 seconds.
  path: Assets/HQP STUDIOS/Rocks and Terrains Pack - Low Poly/Prefabs/Rocks/Flat Rocks/Snow Flat Rocks/Flat_Snow_Rock_15.prefab
  artifactKey: Guid(fc7808db61a55a64d8596269ff92a95c) Importer(815301076,1909f56bfc062723c751e8b465ee728b)
Start importing Assets/HQP STUDIOS/Rocks and Terrains Pack - Low Poly/Prefabs/Rocks/Flat Rocks/Snow Flat Rocks/Flat_Snow_Rock_15.prefab using Guid(fc7808db61a55a64d8596269ff92a95c) Importer(815301076,1909f56bfc062723c751e8b465ee728b) (PreviewImporter) -> (artifact id: '8133238aaf72ed08828a1425f600b301') in 0.0265256 seconds
Number of updated asset objects reloaded before import = 0Number of asset objects unloaded after import = 15

========================================================================
Received Import Request.
  Time since last request: 0.000035 seconds.
  path: Assets/FBX format/flowers-tall.fbx
  artifactKey: Guid(e10dffd6b62ef334aafe219b6dc6ca9d) Importer(815301076,1909f56bfc062723c751e8b465ee728b)
Start importing Assets/FBX format/flowers-tall.fbx using Guid(e10dffd6b62ef334aafe219b6dc6ca9d) Importer(815301076,1909f56bfc062723c751e8b465ee728b) (PreviewImporter) -> (artifact id: 'c8f8f75856277caebc82efb88f9600ad') in 0.0418789 seconds
Number of updated asset objects reloaded before import = 0Number of asset objects unloaded after import = 9

========================================================================
Received Import Request.
  Time since last request: 0.000052 seconds.
  path: Assets/FBX format/hedge-corner.fbx
  artifactKey: Guid(7acd1152576223e4980b419dbbef0d0d) Importer(815301076,1909f56bfc062723c751e8b465ee728b)
Start importing Assets/FBX format/hedge-corner.fbx using Guid(7acd1152576223e4980b419dbbef0d0d) Importer(815301076,1909f56bfc062723c751e8b465ee728b) (PreviewImporter) -> (artifact id: '91bd3a3900c08b6fb174dba23c1c8a6f') in 0.0439454 seconds
Number of updated asset objects reloaded before import = 0Number of asset objects unloaded after import = 9

========================================================================
Received Import Request.
  Time since last request: 4.094427 seconds.
  path: Assets/HQP STUDIOS/Rocks and Terrains Pack - Low Poly/Prefabs/Rocks/Flat Rocks/Snow Flat Rocks/Flat_Snow_Rock_7.prefab
  artifactKey: Guid(85661282480f3b04383ded71791f6614) Importer(815301076,1909f56bfc062723c751e8b465ee728b)
Start importing Assets/HQP STUDIOS/Rocks and Terrains Pack - Low Poly/Prefabs/Rocks/Flat Rocks/Snow Flat Rocks/Flat_Snow_Rock_7.prefab using Guid(85661282480f3b04383ded71791f6614) Importer(815301076,1909f56bfc062723c751e8b465ee728b) (PreviewImporter) -> (artifact id: 'a3499f2eebdff4e32e123bdbcb1b8fa7') in 0.0210312 seconds
Number of updated asset objects reloaded before import = 0Number of asset objects unloaded after import = 15

========================================================================
Received Import Request.
  Time since last request: 0.000028 seconds.
  path: Assets/HQP STUDIOS/Rocks and Terrains Pack - Low Poly/Models/Rocks/Flat Rocks/Snow Flat Rocks/Flat_Snow_Rock_9.fbx
  artifactKey: Guid(2eeeccad3e40a4848895d2a93c0bde4f) Importer(815301076,1909f56bfc062723c751e8b465ee728b)
Start importing Assets/HQP STUDIOS/Rocks and Terrains Pack - Low Poly/Models/Rocks/Flat Rocks/Snow Flat Rocks/Flat_Snow_Rock_9.fbx using Guid(2eeeccad3e40a4848895d2a93c0bde4f) Importer(815301076,1909f56bfc062723c751e8b465ee728b) (PreviewImporter) -> (artifact id: '6e094f6cad37f79c2bf2086a7b2df776') in 0.0669146 seconds
Number of updated asset objects reloaded before import = 0Number of asset objects unloaded after import = 9

========================================================================
Received Import Request.
  Time since last request: 0.030242 seconds.
  path: Assets/HQP STUDIOS/Rocks and Terrains Pack - Low Poly/Prefabs/Rocks/Flat Rocks/Flat Rocks/Flat_Rock_23.prefab
  artifactKey: Guid(58728857d28e62d418020ce079caf199) Importer(815301076,1909f56bfc062723c751e8b465ee728b)
Start importing Assets/HQP STUDIOS/Rocks and Terrains Pack - Low Poly/Prefabs/Rocks/Flat Rocks/Flat Rocks/Flat_Rock_23.prefab using Guid(58728857d28e62d418020ce079caf199) Importer(815301076,1909f56bfc062723c751e8b465ee728b) (PreviewImporter) -> (artifact id: '164e4ad8a40b072467a53d05a72e50e3') in 0.0236556 seconds
Number of updated asset objects reloaded before import = 0Number of asset objects unloaded after import = 15

========================================================================
Received Import Request.
  Time since last request: 0.000026 seconds.
  path: Assets/HQP STUDIOS/Rocks and Terrains Pack - Low Poly/Prefabs/Rocks/Flat Rocks/Flat Rocks/Flat_Rock_25.prefab
  artifactKey: Guid(4fb846f7c25b23546ad601e5792a7981) Importer(815301076,1909f56bfc062723c751e8b465ee728b)
Start importing Assets/HQP STUDIOS/Rocks and Terrains Pack - Low Poly/Prefabs/Rocks/Flat Rocks/Flat Rocks/Flat_Rock_25.prefab using Guid(4fb846f7c25b23546ad601e5792a7981) Importer(815301076,1909f56bfc062723c751e8b465ee728b) (PreviewImporter) -> (artifact id: 'ddb7d224cd30cae38e8ad8245338eb50') in 0.0250368 seconds
Number of updated asset objects reloaded before import = 0Number of asset objects unloaded after import = 15

========================================================================
Received Import Request.
  Time since last request: 0.000035 seconds.
  path: Assets/HQP STUDIOS/Rocks and Terrains Pack - Low Poly/Prefabs/Rocks/Flat Rocks/Snow Flat Rocks/Flat_Snow_Rock_1.prefab
  artifactKey: Guid(2506053c44530c4418aee293416ad959) Importer(815301076,1909f56bfc062723c751e8b465ee728b)
Start importing Assets/HQP STUDIOS/Rocks and Terrains Pack - Low Poly/Prefabs/Rocks/Flat Rocks/Snow Flat Rocks/Flat_Snow_Rock_1.prefab using Guid(2506053c44530c4418aee293416ad959) Importer(815301076,1909f56bfc062723c751e8b465ee728b) (PreviewImporter) -> (artifact id: 'a4dca263727af6a3c07d81f76d713d6a') in 0.0271627 seconds
Number of updated asset objects reloaded before import = 0Number of asset objects unloaded after import = 15

========================================================================
Received Import Request.
  Time since last request: 0.000040 seconds.
  path: Assets/HQP STUDIOS/Rocks and Terrains Pack - Low Poly/Models/Rocks/Flat Rocks/Snow Flat Rocks/Flat_Snow_Rock_4.fbx
  artifactKey: Guid(959596f9ae170e4418cd435c0d2de9de) Importer(815301076,1909f56bfc062723c751e8b465ee728b)
Start importing Assets/HQP STUDIOS/Rocks and Terrains Pack - Low Poly/Models/Rocks/Flat Rocks/Snow Flat Rocks/Flat_Snow_Rock_4.fbx using Guid(959596f9ae170e4418cd435c0d2de9de) Importer(815301076,1909f56bfc062723c751e8b465ee728b) (PreviewImporter) -> (artifact id: 'f81cf24b4cba608ed11740a0ed7123d9') in 0.0703145 seconds
Number of updated asset objects reloaded before import = 0Number of asset objects unloaded after import = 9

========================================================================
Received Import Request.
  Time since last request: 0.601676 seconds.
  path: Assets/HQP STUDIOS/Rocks and Terrains Pack - Low Poly/Models/Rocks/Flat Rocks/Flat Rocks/Flat_Rock_9.fbx
  artifactKey: Guid(ea95bd2ae1cfd724d83c4a3972c983f0) Importer(815301076,1909f56bfc062723c751e8b465ee728b)
Start importing Assets/HQP STUDIOS/Rocks and Terrains Pack - Low Poly/Models/Rocks/Flat Rocks/Flat Rocks/Flat_Rock_9.fbx using Guid(ea95bd2ae1cfd724d83c4a3972c983f0) Importer(815301076,1909f56bfc062723c751e8b465ee728b) (PreviewImporter) -> (artifact id: 'f50513b959baf1c9933e63cdab6f8ad9') in 0.0344909 seconds
Number of updated asset objects reloaded before import = 0Number of asset objects unloaded after import = 9

========================================================================
Received Import Request.
  Time since last request: 0.000026 seconds.
  path: Assets/HQP STUDIOS/Rocks and Terrains Pack - Low Poly/Prefabs/Rocks/Flat Rocks/Moss Flat Rocks/Flat_Moss_Rock_24.prefab
  artifactKey: Guid(16a4247b508e75b42afa0f03cf389c6a) Importer(815301076,1909f56bfc062723c751e8b465ee728b)
Start importing Assets/HQP STUDIOS/Rocks and Terrains Pack - Low Poly/Prefabs/Rocks/Flat Rocks/Moss Flat Rocks/Flat_Moss_Rock_24.prefab using Guid(16a4247b508e75b42afa0f03cf389c6a) Importer(815301076,1909f56bfc062723c751e8b465ee728b) (PreviewImporter) -> (artifact id: 'f4a96b7a7ec74e70d08f010285172a22') in 0.0209373 seconds
Number of updated asset objects reloaded before import = 0Number of asset objects unloaded after import = 15

========================================================================
Received Import Request.
  Time since last request: 0.000036 seconds.
  path: Assets/HQP STUDIOS/Rocks and Terrains Pack - Low Poly/Models/Rocks/Flat Rocks/Moss Flat Rocks/Flat_Moss_Rock_26.fbx
  artifactKey: Guid(8a559b591b2c7e747b708a8198e6cfb9) Importer(815301076,1909f56bfc062723c751e8b465ee728b)
Start importing Assets/HQP STUDIOS/Rocks and Terrains Pack - Low Poly/Models/Rocks/Flat Rocks/Moss Flat Rocks/Flat_Moss_Rock_26.fbx using Guid(8a559b591b2c7e747b708a8198e6cfb9) Importer(815301076,1909f56bfc062723c751e8b465ee728b) (PreviewImporter) -> (artifact id: 'e2192ff8351b31e15c7493beb0a02c22') in 0.0375014 seconds
Number of updated asset objects reloaded before import = 0Number of asset objects unloaded after import = 9

========================================================================
Received Import Request.
  Time since last request: 0.000050 seconds.
  path: Assets/HQP STUDIOS/Rocks and Terrains Pack - Low Poly/Models/Rocks/Flat Rocks/Flat Rocks/Flat_Rock_3.fbx
  artifactKey: Guid(647309ff5b882bd4085713ac7cbcf9af) Importer(815301076,1909f56bfc062723c751e8b465ee728b)
Start importing Assets/HQP STUDIOS/Rocks and Terrains Pack - Low Poly/Models/Rocks/Flat Rocks/Flat Rocks/Flat_Rock_3.fbx using Guid(647309ff5b882bd4085713ac7cbcf9af) Importer(815301076,1909f56bfc062723c751e8b465ee728b) (PreviewImporter) -> (artifact id: '2526b6aeb85a51ecbc182cc1c34bdbf7') in 0.0467823 seconds
Number of updated asset objects reloaded before import = 0Number of asset objects unloaded after import = 9

========================================================================
Received Prepare
Begin MonoManager ReloadAssembly
- Loaded All Assemblies, in  1.837 seconds
Refreshing native plugins compatible for Editor in 6.22 ms, found 7 plugins.
Native extension for WindowsStandalone target not found
Native extension for WebGL target not found
[Package Manager] Failed to launch server process. Reason: Unity was launched with the -noUpm command-line argument
[Package Manager] Unable to send message (not connected to server process).
[Package Manager] Cannot connect to Unity Package Manager local server
Mono: successfully reloaded assembly
- Finished resetting the current domain, in  2.067 seconds
Domain Reload Profiling: 3902ms
	BeginReloadAssembly (573ms)
		ExecutionOrderSort (0ms)
		DisableScriptedObjects (35ms)
		BackupInstance (0ms)
		ReleaseScriptingObjects (0ms)
		CreateAndSetChildDomain (154ms)
	RebuildCommonClasses (69ms)
	RebuildNativeTypeToScriptingClass (29ms)
	initialDomainReloadingComplete (47ms)
	LoadAllAssembliesAndSetupDomain (1116ms)
		LoadAssemblies (971ms)
		RebuildTransferFunctionScriptingTraits (0ms)
		AnalyzeDomain (434ms)
			TypeCache.Refresh (15ms)
				TypeCache.ScanAssembly (0ms)
			BuildScriptInfoCaches (389ms)
			ResolveRequiredComponents (22ms)
	FinalizeReload (2068ms)
		ReleaseScriptCaches (0ms)
		RebuildScriptCaches (0ms)
		SetupLoadedEditorAssemblies (1756ms)
			LogAssemblyErrors (0ms)
			InitializePlatformSupportModulesInManaged (7ms)
			SetLoadedEditorAssemblies (9ms)
			BeforeProcessingInitializeOnLoad (400ms)
			ProcessInitializeOnLoadAttributes (1189ms)
			ProcessInitializeOnLoadMethodAttributes (140ms)
			AfterProcessingInitializeOnLoad (10ms)
			EditorAssembliesLoaded (1ms)
		ExecutionOrderSort2 (0ms)
		AwakeInstancesAfterBackupRestoration (41ms)
WARNING: Shader Unsupported: 'Hidden/Builtin_TerrainVisualization' - All subshaders removed
WARNING: Shader Did you use #pragma only_renderers and omit this platform?
WARNING: Shader If subshaders removal was intentional, you may have forgotten turning Fallback off?
WARNING: Shader Unsupported: 'Hidden/Builtin_TerrainVisualization' - All subshaders removed
WARNING: Shader Did you use #pragma only_renderers and omit this platform?
WARNING: Shader If subshaders removal was intentional, you may have forgotten turning Fallback off?
Refreshing native plugins compatible for Editor in 39.39 ms, found 7 plugins.
Preloading 0 native plugins for Editor in 0.00 ms.
Unloading 37 Unused Serialized files (Serialized files now loaded: 0)
Unloading 6661 unused Assets / (4.6 MB). Loaded Objects now: 7524.
Memory consumption went from 171.2 MB to 166.5 MB.
Total: 23.829800 ms (FindLiveObjects: 1.587500 ms CreateObjectMapping: 2.563500 ms MarkObjects: 13.639200 ms  DeleteObjects: 6.036900 ms)

Prepare: number of updated asset objects reloaded= 0
========================================================================
Received Import Request.
  Time since last request: 49.358947 seconds.
  path: Assets/HQP STUDIOS/Rocks and Terrains Pack - Low Poly/Models/Rocks/Flat Rocks/Moss Flat Rocks/Flat_Moss_Rock_21.fbx
  artifactKey: Guid(b78726ce1a2b36c429efe111960af80d) Importer(815301076,1909f56bfc062723c751e8b465ee728b)
Start importing Assets/HQP STUDIOS/Rocks and Terrains Pack - Low Poly/Models/Rocks/Flat Rocks/Moss Flat Rocks/Flat_Moss_Rock_21.fbx using Guid(b78726ce1a2b36c429efe111960af80d) Importer(815301076,1909f56bfc062723c751e8b465ee728b) (PreviewImporter) -> (artifact id: '64dd0e08495de2467e827e447904981c') in 0.8729422 seconds
Number of updated asset objects reloaded before import = 0Number of asset objects unloaded after import = 9

========================================================================
Received Import Request.
  Time since last request: 0.000072 seconds.
  path: Assets/HQP STUDIOS/Rocks and Terrains Pack - Low Poly/Models/Rocks/Flat Rocks/Moss Flat Rocks/Flat_Moss_Rock_12.fbx
  artifactKey: Guid(753ff30751e89124fb85cdc260e74e19) Importer(815301076,1909f56bfc062723c751e8b465ee728b)
Start importing Assets/HQP STUDIOS/Rocks and Terrains Pack - Low Poly/Models/Rocks/Flat Rocks/Moss Flat Rocks/Flat_Moss_Rock_12.fbx using Guid(753ff30751e89124fb85cdc260e74e19) Importer(815301076,1909f56bfc062723c751e8b465ee728b) (PreviewImporter) -> (artifact id: '50550c09183244069d06435142bff3c2') in 0.0427764 seconds
Number of updated asset objects reloaded before import = 0Number of asset objects unloaded after import = 9

========================================================================
Received Import Request.
  Time since last request: 1.443220 seconds.
  path: Assets/HQP STUDIOS/Rocks and Terrains Pack - Low Poly/Models/Rocks/Block Rocks/Snow Block Rocks/Block_Snow_Rock_36.fbx
  artifactKey: Guid(b5a50b98ebd1f134486ad6e8561b8287) Importer(815301076,1909f56bfc062723c751e8b465ee728b)
Start importing Assets/HQP STUDIOS/Rocks and Terrains Pack - Low Poly/Models/Rocks/Block Rocks/Snow Block Rocks/Block_Snow_Rock_36.fbx using Guid(b5a50b98ebd1f134486ad6e8561b8287) Importer(815301076,1909f56bfc062723c751e8b465ee728b) (PreviewImporter) -> (artifact id: '4b985171b17e02aa7587ba84c908db89') in 0.0376684 seconds
Number of updated asset objects reloaded before import = 0Number of asset objects unloaded after import = 9

========================================================================
Received Prepare
Begin MonoManager ReloadAssembly
- Loaded All Assemblies, in  1.837 seconds
Refreshing native plugins compatible for Editor in 6.52 ms, found 7 plugins.
Native extension for WindowsStandalone target not found
Native extension for WebGL target not found
[Package Manager] Failed to launch server process. Reason: Unity was launched with the -noUpm command-line argument
[Package Manager] Unable to send message (not connected to server process).
[Package Manager] Cannot connect to Unity Package Manager local server
Mono: successfully reloaded assembly
- Finished resetting the current domain, in  1.981 seconds
Domain Reload Profiling: 3816ms
	BeginReloadAssembly (575ms)
		ExecutionOrderSort (0ms)
		DisableScriptedObjects (34ms)
		BackupInstance (0ms)
		ReleaseScriptingObjects (0ms)
		CreateAndSetChildDomain (137ms)
	RebuildCommonClasses (75ms)
	RebuildNativeTypeToScriptingClass (24ms)
	initialDomainReloadingComplete (48ms)
	LoadAllAssembliesAndSetupDomain (1111ms)
		LoadAssemblies (942ms)
		RebuildTransferFunctionScriptingTraits (0ms)
		AnalyzeDomain (478ms)
			TypeCache.Refresh (18ms)
				TypeCache.ScanAssembly (0ms)
			BuildScriptInfoCaches (410ms)
			ResolveRequiredComponents (44ms)
	FinalizeReload (1982ms)
		ReleaseScriptCaches (0ms)
		RebuildScriptCaches (0ms)
		SetupLoadedEditorAssemblies (1666ms)
			LogAssemblyErrors (0ms)
			InitializePlatformSupportModulesInManaged (6ms)
			SetLoadedEditorAssemblies (11ms)
			BeforeProcessingInitializeOnLoad (424ms)
			ProcessInitializeOnLoadAttributes (1112ms)
			ProcessInitializeOnLoadMethodAttributes (108ms)
			AfterProcessingInitializeOnLoad (4ms)
			EditorAssembliesLoaded (1ms)
		ExecutionOrderSort2 (0ms)
		AwakeInstancesAfterBackupRestoration (33ms)
WARNING: Shader Unsupported: 'Hidden/Builtin_TerrainVisualization' - All subshaders removed
WARNING: Shader Did you use #pragma only_renderers and omit this platform?
WARNING: Shader If subshaders removal was intentional, you may have forgotten turning Fallback off?
WARNING: Shader Unsupported: 'Hidden/Builtin_TerrainVisualization' - All subshaders removed
WARNING: Shader Did you use #pragma only_renderers and omit this platform?
WARNING: Shader If subshaders removal was intentional, you may have forgotten turning Fallback off?
Refreshing native plugins compatible for Editor in 6.32 ms, found 7 plugins.
Preloading 0 native plugins for Editor in 0.00 ms.
Unloading 37 Unused Serialized files (Serialized files now loaded: 0)
Unloading 6661 unused Assets / (6.2 MB). Loaded Objects now: 7546.
Memory consumption went from 171.1 MB to 165.0 MB.
Total: 34.873100 ms (FindLiveObjects: 1.435700 ms CreateObjectMapping: 2.148500 ms MarkObjects: 23.683400 ms  DeleteObjects: 7.604200 ms)

Prepare: number of updated asset objects reloaded= 0
========================================================================
Received Prepare
Begin MonoManager ReloadAssembly
- Loaded All Assemblies, in  1.007 seconds
Refreshing native plugins compatible for Editor in 3.74 ms, found 7 plugins.
Native extension for WindowsStandalone target not found
Native extension for WebGL target not found
[Package Manager] Failed to launch server process. Reason: Unity was launched with the -noUpm command-line argument
[Package Manager] Unable to send message (not connected to server process).
[Package Manager] Cannot connect to Unity Package Manager local server
Mono: successfully reloaded assembly
- Finished resetting the current domain, in  1.060 seconds
Domain Reload Profiling: 2066ms
	BeginReloadAssembly (272ms)
		ExecutionOrderSort (0ms)
		DisableScriptedObjects (7ms)
		BackupInstance (0ms)
		ReleaseScriptingObjects (0ms)
		CreateAndSetChildDomain (55ms)
	RebuildCommonClasses (44ms)
	RebuildNativeTypeToScriptingClass (16ms)
	initialDomainReloadingComplete (32ms)
	LoadAllAssembliesAndSetupDomain (641ms)
		LoadAssemblies (506ms)
		RebuildTransferFunctionScriptingTraits (0ms)
		AnalyzeDomain (281ms)
			TypeCache.Refresh (12ms)
				TypeCache.ScanAssembly (1ms)
			BuildScriptInfoCaches (248ms)
			ResolveRequiredComponents (16ms)
	FinalizeReload (1061ms)
		ReleaseScriptCaches (0ms)
		RebuildScriptCaches (0ms)
		SetupLoadedEditorAssemblies (859ms)
			LogAssemblyErrors (0ms)
			InitializePlatformSupportModulesInManaged (3ms)
			SetLoadedEditorAssemblies (5ms)
			BeforeProcessingInitializeOnLoad (169ms)
			ProcessInitializeOnLoadAttributes (616ms)
			ProcessInitializeOnLoadMethodAttributes (63ms)
			AfterProcessingInitializeOnLoad (2ms)
			EditorAssembliesLoaded (0ms)
		ExecutionOrderSort2 (0ms)
		AwakeInstancesAfterBackupRestoration (35ms)
WARNING: Shader Unsupported: 'Hidden/Builtin_TerrainVisualization' - All subshaders removed
WARNING: Shader Did you use #pragma only_renderers and omit this platform?
WARNING: Shader If subshaders removal was intentional, you may have forgotten turning Fallback off?
WARNING: Shader Unsupported: 'Hidden/Builtin_TerrainVisualization' - All subshaders removed
WARNING: Shader Did you use #pragma only_renderers and omit this platform?
WARNING: Shader If subshaders removal was intentional, you may have forgotten turning Fallback off?
Refreshing native plugins compatible for Editor in 6.98 ms, found 7 plugins.
Preloading 0 native plugins for Editor in 0.00 ms.
Unloading 37 Unused Serialized files (Serialized files now loaded: 0)
Unloading 6660 unused Assets / (8.0 MB). Loaded Objects now: 7548.
Memory consumption went from 171.1 MB to 163.2 MB.
Total: 20.336300 ms (FindLiveObjects: 1.279800 ms CreateObjectMapping: 1.913500 ms MarkObjects: 11.852900 ms  DeleteObjects: 5.287800 ms)

Prepare: number of updated asset objects reloaded= 0
========================================================================
Received Prepare
Begin MonoManager ReloadAssembly
- Loaded All Assemblies, in  1.074 seconds
Refreshing native plugins compatible for Editor in 3.99 ms, found 7 plugins.
Native extension for WindowsStandalone target not found
Native extension for WebGL target not found
[Package Manager] Failed to launch server process. Reason: Unity was launched with the -noUpm command-line argument
[Package Manager] Unable to send message (not connected to server process).
[Package Manager] Cannot connect to Unity Package Manager local server
Mono: successfully reloaded assembly
- Finished resetting the current domain, in  1.191 seconds
Domain Reload Profiling: 2265ms
	BeginReloadAssembly (310ms)
		ExecutionOrderSort (0ms)
		DisableScriptedObjects (7ms)
		BackupInstance (0ms)
		ReleaseScriptingObjects (0ms)
		CreateAndSetChildDomain (54ms)
	RebuildCommonClasses (47ms)
	RebuildNativeTypeToScriptingClass (17ms)
	initialDomainReloadingComplete (31ms)
	LoadAllAssembliesAndSetupDomain (668ms)
		LoadAssemblies (562ms)
		RebuildTransferFunctionScriptingTraits (0ms)
		AnalyzeDomain (290ms)
			TypeCache.Refresh (12ms)
				TypeCache.ScanAssembly (0ms)
			BuildScriptInfoCaches (258ms)
			ResolveRequiredComponents (14ms)
	FinalizeReload (1192ms)
		ReleaseScriptCaches (0ms)
		RebuildScriptCaches (0ms)
		SetupLoadedEditorAssemblies (989ms)
			LogAssemblyErrors (0ms)
			InitializePlatformSupportModulesInManaged (3ms)
			SetLoadedEditorAssemblies (6ms)
			BeforeProcessingInitializeOnLoad (175ms)
			ProcessInitializeOnLoadAttributes (727ms)
			ProcessInitializeOnLoadMethodAttributes (75ms)
			AfterProcessingInitializeOnLoad (3ms)
			EditorAssembliesLoaded (0ms)
		ExecutionOrderSort2 (0ms)
		AwakeInstancesAfterBackupRestoration (23ms)
WARNING: Shader Unsupported: 'Hidden/Builtin_TerrainVisualization' - All subshaders removed
WARNING: Shader Did you use #pragma only_renderers and omit this platform?
WARNING: Shader If subshaders removal was intentional, you may have forgotten turning Fallback off?
WARNING: Shader Unsupported: 'Hidden/Builtin_TerrainVisualization' - All subshaders removed
WARNING: Shader Did you use #pragma only_renderers and omit this platform?
WARNING: Shader If subshaders removal was intentional, you may have forgotten turning Fallback off?
Refreshing native plugins compatible for Editor in 7.41 ms, found 7 plugins.
Preloading 0 native plugins for Editor in 0.00 ms.
Unloading 37 Unused Serialized files (Serialized files now loaded: 0)
Unloading 6660 unused Assets / (7.9 MB). Loaded Objects now: 7550.
Memory consumption went from 171.1 MB to 163.2 MB.
Total: 22.767200 ms (FindLiveObjects: 1.632100 ms CreateObjectMapping: 2.335500 ms MarkObjects: 12.143200 ms  DeleteObjects: 6.653900 ms)

Prepare: number of updated asset objects reloaded= 0
========================================================================
Received Prepare
Begin MonoManager ReloadAssembly
- Loaded All Assemblies, in  1.032 seconds
Refreshing native plugins compatible for Editor in 4.21 ms, found 7 plugins.
Native extension for WindowsStandalone target not found
Native extension for WebGL target not found
[Package Manager] Failed to launch server process. Reason: Unity was launched with the -noUpm command-line argument
[Package Manager] Unable to send message (not connected to server process).
[Package Manager] Cannot connect to Unity Package Manager local server
Mono: successfully reloaded assembly
- Finished resetting the current domain, in  1.146 seconds
Domain Reload Profiling: 2177ms
	BeginReloadAssembly (311ms)
		ExecutionOrderSort (0ms)
		DisableScriptedObjects (7ms)
		BackupInstance (0ms)
		ReleaseScriptingObjects (0ms)
		CreateAndSetChildDomain (53ms)
	RebuildCommonClasses (41ms)
	RebuildNativeTypeToScriptingClass (14ms)
	initialDomainReloadingComplete (28ms)
	LoadAllAssembliesAndSetupDomain (636ms)
		LoadAssemblies (548ms)
		RebuildTransferFunctionScriptingTraits (0ms)
		AnalyzeDomain (271ms)
			TypeCache.Refresh (9ms)
				TypeCache.ScanAssembly (0ms)
			BuildScriptInfoCaches (245ms)
			ResolveRequiredComponents (12ms)
	FinalizeReload (1147ms)
		ReleaseScriptCaches (0ms)
		RebuildScriptCaches (0ms)
		SetupLoadedEditorAssemblies (950ms)
			LogAssemblyErrors (0ms)
			InitializePlatformSupportModulesInManaged (3ms)
			SetLoadedEditorAssemblies (6ms)
			BeforeProcessingInitializeOnLoad (160ms)
			ProcessInitializeOnLoadAttributes (703ms)
			ProcessInitializeOnLoadMethodAttributes (73ms)
			AfterProcessingInitializeOnLoad (4ms)
			EditorAssembliesLoaded (0ms)
		ExecutionOrderSort2 (0ms)
		AwakeInstancesAfterBackupRestoration (25ms)
WARNING: Shader Unsupported: 'Hidden/Builtin_TerrainVisualization' - All subshaders removed
WARNING: Shader Did you use #pragma only_renderers and omit this platform?
WARNING: Shader If subshaders removal was intentional, you may have forgotten turning Fallback off?
WARNING: Shader Unsupported: 'Hidden/Builtin_TerrainVisualization' - All subshaders removed
WARNING: Shader Did you use #pragma only_renderers and omit this platform?
WARNING: Shader If subshaders removal was intentional, you may have forgotten turning Fallback off?
Refreshing native plugins compatible for Editor in 6.88 ms, found 7 plugins.
Preloading 0 native plugins for Editor in 0.00 ms.
Unloading 37 Unused Serialized files (Serialized files now loaded: 0)
Unloading 6660 unused Assets / (6.0 MB). Loaded Objects now: 7552.
Memory consumption went from 171.2 MB to 165.2 MB.
Total: 21.902100 ms (FindLiveObjects: 1.306000 ms CreateObjectMapping: 2.792200 ms MarkObjects: 11.945600 ms  DeleteObjects: 5.856300 ms)

Prepare: number of updated asset objects reloaded= 0
========================================================================
Received Prepare
Begin MonoManager ReloadAssembly
- Loaded All Assemblies, in  1.039 seconds
Refreshing native plugins compatible for Editor in 4.13 ms, found 7 plugins.
Native extension for WindowsStandalone target not found
Native extension for WebGL target not found
[Package Manager] Failed to launch server process. Reason: Unity was launched with the -noUpm command-line argument
[Package Manager] Unable to send message (not connected to server process).
[Package Manager] Cannot connect to Unity Package Manager local server
Mono: successfully reloaded assembly
- Finished resetting the current domain, in  1.177 seconds
Domain Reload Profiling: 2215ms
	BeginReloadAssembly (317ms)
		ExecutionOrderSort (0ms)
		DisableScriptedObjects (7ms)
		BackupInstance (0ms)
		ReleaseScriptingObjects (0ms)
		CreateAndSetChildDomain (52ms)
	RebuildCommonClasses (45ms)
	RebuildNativeTypeToScriptingClass (15ms)
	initialDomainReloadingComplete (31ms)
	LoadAllAssembliesAndSetupDomain (629ms)
		LoadAssemblies (561ms)
		RebuildTransferFunctionScriptingTraits (0ms)
		AnalyzeDomain (258ms)
			TypeCache.Refresh (10ms)
				TypeCache.ScanAssembly (0ms)
			BuildScriptInfoCaches (232ms)
			ResolveRequiredComponents (13ms)
	FinalizeReload (1178ms)
		ReleaseScriptCaches (0ms)
		RebuildScriptCaches (0ms)
		SetupLoadedEditorAssemblies (977ms)
			LogAssemblyErrors (0ms)
			InitializePlatformSupportModulesInManaged (4ms)
			SetLoadedEditorAssemblies (6ms)
			BeforeProcessingInitializeOnLoad (154ms)
			ProcessInitializeOnLoadAttributes (730ms)
			ProcessInitializeOnLoadMethodAttributes (79ms)
			AfterProcessingInitializeOnLoad (3ms)
			EditorAssembliesLoaded (0ms)
		ExecutionOrderSort2 (0ms)
		AwakeInstancesAfterBackupRestoration (25ms)
WARNING: Shader Unsupported: 'Hidden/Builtin_TerrainVisualization' - All subshaders removed
WARNING: Shader Did you use #pragma only_renderers and omit this platform?
WARNING: Shader If subshaders removal was intentional, you may have forgotten turning Fallback off?
WARNING: Shader Unsupported: 'Hidden/Builtin_TerrainVisualization' - All subshaders removed
WARNING: Shader Did you use #pragma only_renderers and omit this platform?
WARNING: Shader If subshaders removal was intentional, you may have forgotten turning Fallback off?
Refreshing native plugins compatible for Editor in 7.40 ms, found 7 plugins.
Preloading 0 native plugins for Editor in 0.00 ms.
Unloading 37 Unused Serialized files (Serialized files now loaded: 0)
Unloading 6660 unused Assets / (7.5 MB). Loaded Objects now: 7554.
Memory consumption went from 171.2 MB to 163.7 MB.
Total: 23.957300 ms (FindLiveObjects: 1.355400 ms CreateObjectMapping: 2.272700 ms MarkObjects: 13.178900 ms  DeleteObjects: 7.148700 ms)

Prepare: number of updated asset objects reloaded= 0
========================================================================
Received Prepare
Begin MonoManager ReloadAssembly
- Loaded All Assemblies, in  1.116 seconds
Refreshing native plugins compatible for Editor in 4.08 ms, found 7 plugins.
Native extension for WindowsStandalone target not found
Native extension for WebGL target not found
[Package Manager] Failed to launch server process. Reason: Unity was launched with the -noUpm command-line argument
[Package Manager] Unable to send message (not connected to server process).
[Package Manager] Cannot connect to Unity Package Manager local server
Mono: successfully reloaded assembly
- Finished resetting the current domain, in  1.159 seconds
Domain Reload Profiling: 2272ms
	BeginReloadAssembly (320ms)
		ExecutionOrderSort (0ms)
		DisableScriptedObjects (7ms)
		BackupInstance (0ms)
		ReleaseScriptingObjects (0ms)
		CreateAndSetChildDomain (55ms)
	RebuildCommonClasses (42ms)
	RebuildNativeTypeToScriptingClass (15ms)
	initialDomainReloadingComplete (36ms)
	LoadAllAssembliesAndSetupDomain (701ms)
		LoadAssemblies (596ms)
		RebuildTransferFunctionScriptingTraits (0ms)
		AnalyzeDomain (296ms)
			TypeCache.Refresh (8ms)
				TypeCache.ScanAssembly (0ms)
			BuildScriptInfoCaches (270ms)
			ResolveRequiredComponents (12ms)
	FinalizeReload (1160ms)
		ReleaseScriptCaches (0ms)
		RebuildScriptCaches (0ms)
		SetupLoadedEditorAssemblies (967ms)
			LogAssemblyErrors (0ms)
			InitializePlatformSupportModulesInManaged (3ms)
			SetLoadedEditorAssemblies (6ms)
			BeforeProcessingInitializeOnLoad (158ms)
			ProcessInitializeOnLoadAttributes (716ms)
			ProcessInitializeOnLoadMethodAttributes (80ms)
			AfterProcessingInitializeOnLoad (3ms)
			EditorAssembliesLoaded (1ms)
		ExecutionOrderSort2 (0ms)
		AwakeInstancesAfterBackupRestoration (25ms)
WARNING: Shader Unsupported: 'Hidden/Builtin_TerrainVisualization' - All subshaders removed
WARNING: Shader Did you use #pragma only_renderers and omit this platform?
WARNING: Shader If subshaders removal was intentional, you may have forgotten turning Fallback off?
WARNING: Shader Unsupported: 'Hidden/Builtin_TerrainVisualization' - All subshaders removed
WARNING: Shader Did you use #pragma only_renderers and omit this platform?
WARNING: Shader If subshaders removal was intentional, you may have forgotten turning Fallback off?
Refreshing native plugins compatible for Editor in 7.13 ms, found 7 plugins.
Preloading 0 native plugins for Editor in 0.00 ms.
Unloading 37 Unused Serialized files (Serialized files now loaded: 0)
Unloading 6660 unused Assets / (8.7 MB). Loaded Objects now: 7556.
Memory consumption went from 171.2 MB to 162.5 MB.
Total: 24.433100 ms (FindLiveObjects: 1.232900 ms CreateObjectMapping: 1.858100 ms MarkObjects: 12.213500 ms  DeleteObjects: 9.127100 ms)

Prepare: number of updated asset objects reloaded= 0
========================================================================
Received Prepare
Begin MonoManager ReloadAssembly
- Loaded All Assemblies, in  1.054 seconds
Refreshing native plugins compatible for Editor in 4.05 ms, found 7 plugins.
Native extension for WindowsStandalone target not found
Native extension for WebGL target not found
[Package Manager] Failed to launch server process. Reason: Unity was launched with the -noUpm command-line argument
[Package Manager] Unable to send message (not connected to server process).
[Package Manager] Cannot connect to Unity Package Manager local server
Mono: successfully reloaded assembly
- Finished resetting the current domain, in  1.246 seconds
Domain Reload Profiling: 2299ms
	BeginReloadAssembly (321ms)
		ExecutionOrderSort (0ms)
		DisableScriptedObjects (7ms)
		BackupInstance (0ms)
		ReleaseScriptingObjects (0ms)
		CreateAndSetChildDomain (62ms)
	RebuildCommonClasses (45ms)
	RebuildNativeTypeToScriptingClass (18ms)
	initialDomainReloadingComplete (29ms)
	LoadAllAssembliesAndSetupDomain (640ms)
		LoadAssemblies (557ms)
		RebuildTransferFunctionScriptingTraits (0ms)
		AnalyzeDomain (266ms)
			TypeCache.Refresh (9ms)
				TypeCache.ScanAssembly (0ms)
			BuildScriptInfoCaches (239ms)
			ResolveRequiredComponents (13ms)
	FinalizeReload (1246ms)
		ReleaseScriptCaches (0ms)
		RebuildScriptCaches (0ms)
		SetupLoadedEditorAssemblies (992ms)
			LogAssemblyErrors (0ms)
			InitializePlatformSupportModulesInManaged (4ms)
			SetLoadedEditorAssemblies (6ms)
			BeforeProcessingInitializeOnLoad (166ms)
			ProcessInitializeOnLoadAttributes (736ms)
			ProcessInitializeOnLoadMethodAttributes (76ms)
			AfterProcessingInitializeOnLoad (3ms)
			EditorAssembliesLoaded (0ms)
		ExecutionOrderSort2 (0ms)
		AwakeInstancesAfterBackupRestoration (26ms)
WARNING: Shader Unsupported: 'Hidden/Builtin_TerrainVisualization' - All subshaders removed
WARNING: Shader Did you use #pragma only_renderers and omit this platform?
WARNING: Shader If subshaders removal was intentional, you may have forgotten turning Fallback off?
WARNING: Shader Unsupported: 'Hidden/Builtin_TerrainVisualization' - All subshaders removed
WARNING: Shader Did you use #pragma only_renderers and omit this platform?
WARNING: Shader If subshaders removal was intentional, you may have forgotten turning Fallback off?
Refreshing native plugins compatible for Editor in 7.63 ms, found 7 plugins.
Preloading 0 native plugins for Editor in 0.00 ms.
Unloading 37 Unused Serialized files (Serialized files now loaded: 0)
Unloading 6660 unused Assets / (7.6 MB). Loaded Objects now: 7558.
Memory consumption went from 171.3 MB to 163.7 MB.
Total: 22.694500 ms (FindLiveObjects: 1.457400 ms CreateObjectMapping: 2.550400 ms MarkObjects: 12.254500 ms  DeleteObjects: 6.430200 ms)

Prepare: number of updated asset objects reloaded= 0
========================================================================
Received Prepare
Begin MonoManager ReloadAssembly
- Loaded All Assemblies, in  1.038 seconds
Refreshing native plugins compatible for Editor in 5.39 ms, found 7 plugins.
Native extension for WindowsStandalone target not found
Native extension for WebGL target not found
[Package Manager] Failed to launch server process. Reason: Unity was launched with the -noUpm command-line argument
[Package Manager] Unable to send message (not connected to server process).
[Package Manager] Cannot connect to Unity Package Manager local server
Mono: successfully reloaded assembly
- Finished resetting the current domain, in  1.185 seconds
Domain Reload Profiling: 2222ms
	BeginReloadAssembly (309ms)
		ExecutionOrderSort (0ms)
		DisableScriptedObjects (7ms)
		BackupInstance (0ms)
		ReleaseScriptingObjects (0ms)
		CreateAndSetChildDomain (51ms)
	RebuildCommonClasses (43ms)
	RebuildNativeTypeToScriptingClass (14ms)
	initialDomainReloadingComplete (30ms)
	LoadAllAssembliesAndSetupDomain (641ms)
		LoadAssemblies (547ms)
		RebuildTransferFunctionScriptingTraits (0ms)
		AnalyzeDomain (280ms)
			TypeCache.Refresh (10ms)
				TypeCache.ScanAssembly (0ms)
			BuildScriptInfoCaches (249ms)
			ResolveRequiredComponents (16ms)
	FinalizeReload (1185ms)
		ReleaseScriptCaches (0ms)
		RebuildScriptCaches (0ms)
		SetupLoadedEditorAssemblies (989ms)
			LogAssemblyErrors (0ms)
			InitializePlatformSupportModulesInManaged (3ms)
			SetLoadedEditorAssemblies (5ms)
			BeforeProcessingInitializeOnLoad (160ms)
			ProcessInitializeOnLoadAttributes (745ms)
			ProcessInitializeOnLoadMethodAttributes (73ms)
			AfterProcessingInitializeOnLoad (3ms)
			EditorAssembliesLoaded (0ms)
		ExecutionOrderSort2 (0ms)
		AwakeInstancesAfterBackupRestoration (22ms)
WARNING: Shader Unsupported: 'Hidden/Builtin_TerrainVisualization' - All subshaders removed
WARNING: Shader Did you use #pragma only_renderers and omit this platform?
WARNING: Shader If subshaders removal was intentional, you may have forgotten turning Fallback off?
WARNING: Shader Unsupported: 'Hidden/Builtin_TerrainVisualization' - All subshaders removed
WARNING: Shader Did you use #pragma only_renderers and omit this platform?
WARNING: Shader If subshaders removal was intentional, you may have forgotten turning Fallback off?
Refreshing native plugins compatible for Editor in 6.99 ms, found 7 plugins.
Preloading 0 native plugins for Editor in 0.00 ms.
Unloading 37 Unused Serialized files (Serialized files now loaded: 0)
Unloading 6660 unused Assets / (7.0 MB). Loaded Objects now: 7560.
Memory consumption went from 171.3 MB to 164.3 MB.
Total: 22.603600 ms (FindLiveObjects: 1.460600 ms CreateObjectMapping: 2.397100 ms MarkObjects: 12.672900 ms  DeleteObjects: 6.071300 ms)

Prepare: number of updated asset objects reloaded= 0
========================================================================
Received Prepare
Begin MonoManager ReloadAssembly
- Loaded All Assemblies, in  1.064 seconds
Refreshing native plugins compatible for Editor in 3.76 ms, found 7 plugins.
Native extension for WindowsStandalone target not found
Native extension for WebGL target not found
[Package Manager] Failed to launch server process. Reason: Unity was launched with the -noUpm command-line argument
[Package Manager] Unable to send message (not connected to server process).
[Package Manager] Cannot connect to Unity Package Manager local server
Mono: successfully reloaded assembly
- Finished resetting the current domain, in  1.192 seconds
Domain Reload Profiling: 2256ms
	BeginReloadAssembly (318ms)
		ExecutionOrderSort (0ms)
		DisableScriptedObjects (7ms)
		BackupInstance (0ms)
		ReleaseScriptingObjects (0ms)
		CreateAndSetChildDomain (53ms)
	RebuildCommonClasses (44ms)
	RebuildNativeTypeToScriptingClass (19ms)
	initialDomainReloadingComplete (29ms)
	LoadAllAssembliesAndSetupDomain (652ms)
		LoadAssemblies (554ms)
		RebuildTransferFunctionScriptingTraits (0ms)
		AnalyzeDomain (288ms)
			TypeCache.Refresh (9ms)
				TypeCache.ScanAssembly (0ms)
			BuildScriptInfoCaches (262ms)
			ResolveRequiredComponents (12ms)
	FinalizeReload (1193ms)
		ReleaseScriptCaches (0ms)
		RebuildScriptCaches (0ms)
		SetupLoadedEditorAssemblies (999ms)
			LogAssemblyErrors (0ms)
			InitializePlatformSupportModulesInManaged (3ms)
			SetLoadedEditorAssemblies (6ms)
			BeforeProcessingInitializeOnLoad (156ms)
			ProcessInitializeOnLoadAttributes (750ms)
			ProcessInitializeOnLoadMethodAttributes (79ms)
			AfterProcessingInitializeOnLoad (3ms)
			EditorAssembliesLoaded (0ms)
		ExecutionOrderSort2 (0ms)
		AwakeInstancesAfterBackupRestoration (23ms)
WARNING: Shader Unsupported: 'Hidden/Builtin_TerrainVisualization' - All subshaders removed
WARNING: Shader Did you use #pragma only_renderers and omit this platform?
WARNING: Shader If subshaders removal was intentional, you may have forgotten turning Fallback off?
WARNING: Shader Unsupported: 'Hidden/Builtin_TerrainVisualization' - All subshaders removed
WARNING: Shader Did you use #pragma only_renderers and omit this platform?
WARNING: Shader If subshaders removal was intentional, you may have forgotten turning Fallback off?
Refreshing native plugins compatible for Editor in 10.33 ms, found 7 plugins.
Preloading 0 native plugins for Editor in 0.00 ms.
Unloading 37 Unused Serialized files (Serialized files now loaded: 0)
Unloading 6660 unused Assets / (7.8 MB). Loaded Objects now: 7562.
Memory consumption went from 171.4 MB to 163.5 MB.
Total: 22.824400 ms (FindLiveObjects: 1.614200 ms CreateObjectMapping: 2.311000 ms MarkObjects: 12.460600 ms  DeleteObjects: 6.437200 ms)

Prepare: number of updated asset objects reloaded= 0
========================================================================
Received Prepare
Begin MonoManager ReloadAssembly
- Loaded All Assemblies, in  1.096 seconds
Refreshing native plugins compatible for Editor in 4.78 ms, found 7 plugins.
Native extension for WindowsStandalone target not found
Native extension for WebGL target not found
[Package Manager] Failed to launch server process. Reason: Unity was launched with the -noUpm command-line argument
[Package Manager] Unable to send message (not connected to server process).
[Package Manager] Cannot connect to Unity Package Manager local server
Mono: successfully reloaded assembly
- Finished resetting the current domain, in  1.067 seconds
Domain Reload Profiling: 2162ms
	BeginReloadAssembly (271ms)
		ExecutionOrderSort (0ms)
		DisableScriptedObjects (7ms)
		BackupInstance (0ms)
		ReleaseScriptingObjects (0ms)
		CreateAndSetChildDomain (52ms)
	RebuildCommonClasses (60ms)
	RebuildNativeTypeToScriptingClass (18ms)
	initialDomainReloadingComplete (37ms)
	LoadAllAssembliesAndSetupDomain (709ms)
		LoadAssemblies (520ms)
		RebuildTransferFunctionScriptingTraits (0ms)
		AnalyzeDomain (334ms)
			TypeCache.Refresh (13ms)
				TypeCache.ScanAssembly (1ms)
			BuildScriptInfoCaches (302ms)
			ResolveRequiredComponents (14ms)
	FinalizeReload (1067ms)
		ReleaseScriptCaches (0ms)
		RebuildScriptCaches (0ms)
		SetupLoadedEditorAssemblies (865ms)
			LogAssemblyErrors (0ms)
			InitializePlatformSupportModulesInManaged (4ms)
			SetLoadedEditorAssemblies (6ms)
			BeforeProcessingInitializeOnLoad (173ms)
			ProcessInitializeOnLoadAttributes (622ms)
			ProcessInitializeOnLoadMethodAttributes (58ms)
			AfterProcessingInitializeOnLoad (3ms)
			EditorAssembliesLoaded (0ms)
		ExecutionOrderSort2 (0ms)
		AwakeInstancesAfterBackupRestoration (20ms)
WARNING: Shader Unsupported: 'Hidden/Builtin_TerrainVisualization' - All subshaders removed
WARNING: Shader Did you use #pragma only_renderers and omit this platform?
WARNING: Shader If subshaders removal was intentional, you may have forgotten turning Fallback off?
WARNING: Shader Unsupported: 'Hidden/Builtin_TerrainVisualization' - All subshaders removed
WARNING: Shader Did you use #pragma only_renderers and omit this platform?
WARNING: Shader If subshaders removal was intentional, you may have forgotten turning Fallback off?
Refreshing native plugins compatible for Editor in 7.01 ms, found 7 plugins.
Preloading 0 native plugins for Editor in 0.00 ms.
Unloading 37 Unused Serialized files (Serialized files now loaded: 0)
Unloading 6660 unused Assets / (7.6 MB). Loaded Objects now: 7564.
Memory consumption went from 171.4 MB to 163.8 MB.
Total: 20.216100 ms (FindLiveObjects: 1.369000 ms CreateObjectMapping: 2.133300 ms MarkObjects: 11.110100 ms  DeleteObjects: 5.601800 ms)

Prepare: number of updated asset objects reloaded= 0
========================================================================
Received Prepare
Begin MonoManager ReloadAssembly
- Loaded All Assemblies, in  1.027 seconds
Refreshing native plugins compatible for Editor in 3.97 ms, found 7 plugins.
Native extension for WindowsStandalone target not found
Native extension for WebGL target not found
[Package Manager] Failed to launch server process. Reason: Unity was launched with the -noUpm command-line argument
[Package Manager] Unable to send message (not connected to server process).
[Package Manager] Cannot connect to Unity Package Manager local server
Mono: successfully reloaded assembly
- Finished resetting the current domain, in  1.093 seconds
Domain Reload Profiling: 2120ms
	BeginReloadAssembly (306ms)
		ExecutionOrderSort (0ms)
		DisableScriptedObjects (7ms)
		BackupInstance (0ms)
		ReleaseScriptingObjects (0ms)
		CreateAndSetChildDomain (52ms)
	RebuildCommonClasses (47ms)
	RebuildNativeTypeToScriptingClass (15ms)
	initialDomainReloadingComplete (29ms)
	LoadAllAssembliesAndSetupDomain (629ms)
		LoadAssemblies (539ms)
		RebuildTransferFunctionScriptingTraits (0ms)
		AnalyzeDomain (271ms)
			TypeCache.Refresh (9ms)
				TypeCache.ScanAssembly (0ms)
			BuildScriptInfoCaches (239ms)
			ResolveRequiredComponents (16ms)
	FinalizeReload (1094ms)
		ReleaseScriptCaches (0ms)
		RebuildScriptCaches (0ms)
		SetupLoadedEditorAssemblies (899ms)
			LogAssemblyErrors (0ms)
			InitializePlatformSupportModulesInManaged (9ms)
			SetLoadedEditorAssemblies (9ms)
			BeforeProcessingInitializeOnLoad (162ms)
			ProcessInitializeOnLoadAttributes (645ms)
			ProcessInitializeOnLoadMethodAttributes (71ms)
			AfterProcessingInitializeOnLoad (3ms)
			EditorAssembliesLoaded (0ms)
		ExecutionOrderSort2 (0ms)
		AwakeInstancesAfterBackupRestoration (24ms)
WARNING: Shader Unsupported: 'Hidden/Builtin_TerrainVisualization' - All subshaders removed
WARNING: Shader Did you use #pragma only_renderers and omit this platform?
WARNING: Shader If subshaders removal was intentional, you may have forgotten turning Fallback off?
WARNING: Shader Unsupported: 'Hidden/Builtin_TerrainVisualization' - All subshaders removed
WARNING: Shader Did you use #pragma only_renderers and omit this platform?
WARNING: Shader If subshaders removal was intentional, you may have forgotten turning Fallback off?
Refreshing native plugins compatible for Editor in 8.20 ms, found 7 plugins.
Preloading 0 native plugins for Editor in 0.00 ms.
Unloading 37 Unused Serialized files (Serialized files now loaded: 0)
Unloading 6660 unused Assets / (7.7 MB). Loaded Objects now: 7566.
Memory consumption went from 171.3 MB to 163.7 MB.
Total: 23.498500 ms (FindLiveObjects: 1.604000 ms CreateObjectMapping: 2.521600 ms MarkObjects: 12.725700 ms  DeleteObjects: 6.645600 ms)

Prepare: number of updated asset objects reloaded= 0
========================================================================
Received Prepare
Begin MonoManager ReloadAssembly
- Loaded All Assemblies, in  1.040 seconds
Refreshing native plugins compatible for Editor in 3.95 ms, found 7 plugins.
Native extension for WindowsStandalone target not found
Native extension for WebGL target not found
[Package Manager] Failed to launch server process. Reason: Unity was launched with the -noUpm command-line argument
[Package Manager] Unable to send message (not connected to server process).
[Package Manager] Cannot connect to Unity Package Manager local server
Mono: successfully reloaded assembly
- Finished resetting the current domain, in  1.112 seconds
Domain Reload Profiling: 2150ms
	BeginReloadAssembly (282ms)
		ExecutionOrderSort (0ms)
		DisableScriptedObjects (10ms)
		BackupInstance (0ms)
		ReleaseScriptingObjects (0ms)
		CreateAndSetChildDomain (56ms)
	RebuildCommonClasses (43ms)
	RebuildNativeTypeToScriptingClass (15ms)
	initialDomainReloadingComplete (39ms)
	LoadAllAssembliesAndSetupDomain (659ms)
		LoadAssemblies (527ms)
		RebuildTransferFunctionScriptingTraits (0ms)
		AnalyzeDomain (278ms)
			TypeCache.Refresh (13ms)
				TypeCache.ScanAssembly (1ms)
			BuildScriptInfoCaches (243ms)
			ResolveRequiredComponents (18ms)
	FinalizeReload (1112ms)
		ReleaseScriptCaches (0ms)
		RebuildScriptCaches (0ms)
		SetupLoadedEditorAssemblies (926ms)
			LogAssemblyErrors (0ms)
			InitializePlatformSupportModulesInManaged (3ms)
			SetLoadedEditorAssemblies (6ms)
			BeforeProcessingInitializeOnLoad (176ms)
			ProcessInitializeOnLoadAttributes (670ms)
			ProcessInitializeOnLoadMethodAttributes (67ms)
			AfterProcessingInitializeOnLoad (4ms)
			EditorAssembliesLoaded (0ms)
		ExecutionOrderSort2 (0ms)
		AwakeInstancesAfterBackupRestoration (24ms)
WARNING: Shader Unsupported: 'Hidden/Builtin_TerrainVisualization' - All subshaders removed
WARNING: Shader Did you use #pragma only_renderers and omit this platform?
WARNING: Shader If subshaders removal was intentional, you may have forgotten turning Fallback off?
WARNING: Shader Unsupported: 'Hidden/Builtin_TerrainVisualization' - All subshaders removed
WARNING: Shader Did you use #pragma only_renderers and omit this platform?
WARNING: Shader If subshaders removal was intentional, you may have forgotten turning Fallback off?
Refreshing native plugins compatible for Editor in 6.86 ms, found 7 plugins.
Preloading 0 native plugins for Editor in 0.00 ms.
Unloading 37 Unused Serialized files (Serialized files now loaded: 0)
Unloading 6660 unused Assets / (7.7 MB). Loaded Objects now: 7568.
Memory consumption went from 171.4 MB to 163.7 MB.
Total: 21.290200 ms (FindLiveObjects: 1.403300 ms CreateObjectMapping: 2.011600 ms MarkObjects: 12.273500 ms  DeleteObjects: 5.599600 ms)

Prepare: number of updated asset objects reloaded= 0
========================================================================
Received Prepare
Begin MonoManager ReloadAssembly
- Loaded All Assemblies, in  1.424 seconds
Refreshing native plugins compatible for Editor in 3.88 ms, found 7 plugins.
Native extension for WindowsStandalone target not found
Native extension for WebGL target not found
[Package Manager] Failed to launch server process. Reason: Unity was launched with the -noUpm command-line argument
[Package Manager] Unable to send message (not connected to server process).
[Package Manager] Cannot connect to Unity Package Manager local server
Mono: successfully reloaded assembly
- Finished resetting the current domain, in  1.260 seconds
Domain Reload Profiling: 2684ms
	BeginReloadAssembly (297ms)
		ExecutionOrderSort (0ms)
		DisableScriptedObjects (7ms)
		BackupInstance (0ms)
		ReleaseScriptingObjects (0ms)
		CreateAndSetChildDomain (50ms)
	RebuildCommonClasses (51ms)
	RebuildNativeTypeToScriptingClass (16ms)
	initialDomainReloadingComplete (31ms)
	LoadAllAssembliesAndSetupDomain (1029ms)
		LoadAssemblies (768ms)
		RebuildTransferFunctionScriptingTraits (0ms)
		AnalyzeDomain (433ms)
			TypeCache.Refresh (15ms)
				TypeCache.ScanAssembly (0ms)
			BuildScriptInfoCaches (393ms)
			ResolveRequiredComponents (19ms)
	FinalizeReload (1261ms)
		ReleaseScriptCaches (0ms)
		RebuildScriptCaches (0ms)
		SetupLoadedEditorAssemblies (1068ms)
			LogAssemblyErrors (0ms)
			InitializePlatformSupportModulesInManaged (3ms)
			SetLoadedEditorAssemblies (6ms)
			BeforeProcessingInitializeOnLoad (194ms)
			ProcessInitializeOnLoadAttributes (783ms)
			ProcessInitializeOnLoadMethodAttributes (79ms)
			AfterProcessingInitializeOnLoad (3ms)
			EditorAssembliesLoaded (0ms)
		ExecutionOrderSort2 (0ms)
		AwakeInstancesAfterBackupRestoration (25ms)
WARNING: Shader Unsupported: 'Hidden/Builtin_TerrainVisualization' - All subshaders removed
WARNING: Shader Did you use #pragma only_renderers and omit this platform?
WARNING: Shader If subshaders removal was intentional, you may have forgotten turning Fallback off?
WARNING: Shader Unsupported: 'Hidden/Builtin_TerrainVisualization' - All subshaders removed
WARNING: Shader Did you use #pragma only_renderers and omit this platform?
WARNING: Shader If subshaders removal was intentional, you may have forgotten turning Fallback off?
Refreshing native plugins compatible for Editor in 7.33 ms, found 7 plugins.
Preloading 0 native plugins for Editor in 0.00 ms.
Unloading 37 Unused Serialized files (Serialized files now loaded: 0)
Unloading 6660 unused Assets / (7.2 MB). Loaded Objects now: 7570.
Memory consumption went from 171.5 MB to 164.2 MB.
Total: 25.468300 ms (FindLiveObjects: 1.569800 ms CreateObjectMapping: 2.239100 ms MarkObjects: 14.413500 ms  DeleteObjects: 7.243800 ms)

Prepare: number of updated asset objects reloaded= 0
========================================================================
Received Prepare
Begin MonoManager ReloadAssembly
- Loaded All Assemblies, in  0.987 seconds
Refreshing native plugins compatible for Editor in 3.96 ms, found 7 plugins.
Native extension for WindowsStandalone target not found
Native extension for WebGL target not found
[Package Manager] Failed to launch server process. Reason: Unity was launched with the -noUpm command-line argument
[Package Manager] Unable to send message (not connected to server process).
[Package Manager] Cannot connect to Unity Package Manager local server
Mono: successfully reloaded assembly
- Finished resetting the current domain, in  1.048 seconds
Domain Reload Profiling: 2034ms
	BeginReloadAssembly (279ms)
		ExecutionOrderSort (0ms)
		DisableScriptedObjects (8ms)
		BackupInstance (0ms)
		ReleaseScriptingObjects (0ms)
		CreateAndSetChildDomain (53ms)
	RebuildCommonClasses (40ms)
	RebuildNativeTypeToScriptingClass (15ms)
	initialDomainReloadingComplete (30ms)
	LoadAllAssembliesAndSetupDomain (622ms)
		LoadAssemblies (500ms)
		RebuildTransferFunctionScriptingTraits (0ms)
		AnalyzeDomain (271ms)
			TypeCache.Refresh (12ms)
				TypeCache.ScanAssembly (1ms)
			BuildScriptInfoCaches (240ms)
			ResolveRequiredComponents (14ms)
	FinalizeReload (1048ms)
		ReleaseScriptCaches (0ms)
		RebuildScriptCaches (0ms)
		SetupLoadedEditorAssemblies (862ms)
			LogAssemblyErrors (0ms)
			InitializePlatformSupportModulesInManaged (3ms)
			SetLoadedEditorAssemblies (6ms)
			BeforeProcessingInitializeOnLoad (158ms)
			ProcessInitializeOnLoadAttributes (622ms)
			ProcessInitializeOnLoadMethodAttributes (70ms)
			AfterProcessingInitializeOnLoad (3ms)
			EditorAssembliesLoaded (1ms)
		ExecutionOrderSort2 (0ms)
		AwakeInstancesAfterBackupRestoration (19ms)
WARNING: Shader Unsupported: 'Hidden/Builtin_TerrainVisualization' - All subshaders removed
WARNING: Shader Did you use #pragma only_renderers and omit this platform?
WARNING: Shader If subshaders removal was intentional, you may have forgotten turning Fallback off?
WARNING: Shader Unsupported: 'Hidden/Builtin_TerrainVisualization' - All subshaders removed
WARNING: Shader Did you use #pragma only_renderers and omit this platform?
WARNING: Shader If subshaders removal was intentional, you may have forgotten turning Fallback off?
Refreshing native plugins compatible for Editor in 6.95 ms, found 7 plugins.
Preloading 0 native plugins for Editor in 0.00 ms.
Unloading 37 Unused Serialized files (Serialized files now loaded: 0)
Unloading 6660 unused Assets / (8.4 MB). Loaded Objects now: 7572.
Memory consumption went from 171.5 MB to 163.2 MB.
Total: 23.308200 ms (FindLiveObjects: 1.303700 ms CreateObjectMapping: 2.226600 ms MarkObjects: 12.763000 ms  DeleteObjects: 7.013100 ms)

Prepare: number of updated asset objects reloaded= 0
========================================================================
Received Prepare
Begin MonoManager ReloadAssembly
- Loaded All Assemblies, in  1.044 seconds
Refreshing native plugins compatible for Editor in 4.02 ms, found 7 plugins.
Native extension for WindowsStandalone target not found
Native extension for WebGL target not found
[Package Manager] Failed to launch server process. Reason: Unity was launched with the -noUpm command-line argument
[Package Manager] Unable to send message (not connected to server process).
[Package Manager] Cannot connect to Unity Package Manager local server
Mono: successfully reloaded assembly
- Finished resetting the current domain, in  1.110 seconds
Domain Reload Profiling: 2154ms
	BeginReloadAssembly (319ms)
		ExecutionOrderSort (0ms)
		DisableScriptedObjects (7ms)
		BackupInstance (0ms)
		ReleaseScriptingObjects (0ms)
		CreateAndSetChildDomain (54ms)
	RebuildCommonClasses (40ms)
	RebuildNativeTypeToScriptingClass (16ms)
	initialDomainReloadingComplete (28ms)
	LoadAllAssembliesAndSetupDomain (641ms)
		LoadAssemblies (553ms)
		RebuildTransferFunctionScriptingTraits (0ms)
		AnalyzeDomain (279ms)
			TypeCache.Refresh (9ms)
				TypeCache.ScanAssembly (0ms)
			BuildScriptInfoCaches (253ms)
			ResolveRequiredComponents (12ms)
	FinalizeReload (1111ms)
		ReleaseScriptCaches (0ms)
		RebuildScriptCaches (0ms)
		SetupLoadedEditorAssemblies (920ms)
			LogAssemblyErrors (0ms)
			InitializePlatformSupportModulesInManaged (3ms)
			SetLoadedEditorAssemblies (6ms)
			BeforeProcessingInitializeOnLoad (166ms)
			ProcessInitializeOnLoadAttributes (664ms)
			ProcessInitializeOnLoadMethodAttributes (77ms)
			AfterProcessingInitializeOnLoad (3ms)
			EditorAssembliesLoaded (0ms)
		ExecutionOrderSort2 (0ms)
		AwakeInstancesAfterBackupRestoration (23ms)
WARNING: Shader Unsupported: 'Hidden/Builtin_TerrainVisualization' - All subshaders removed
WARNING: Shader Did you use #pragma only_renderers and omit this platform?
WARNING: Shader If subshaders removal was intentional, you may have forgotten turning Fallback off?
WARNING: Shader Unsupported: 'Hidden/Builtin_TerrainVisualization' - All subshaders removed
WARNING: Shader Did you use #pragma only_renderers and omit this platform?
WARNING: Shader If subshaders removal was intentional, you may have forgotten turning Fallback off?
Refreshing native plugins compatible for Editor in 6.84 ms, found 7 plugins.
Preloading 0 native plugins for Editor in 0.00 ms.
Unloading 37 Unused Serialized files (Serialized files now loaded: 0)
Unloading 6660 unused Assets / (7.5 MB). Loaded Objects now: 7574.
Memory consumption went from 171.5 MB to 164.1 MB.
Total: 22.218800 ms (FindLiveObjects: 1.693200 ms CreateObjectMapping: 2.649500 ms MarkObjects: 10.430700 ms  DeleteObjects: 7.443300 ms)

Prepare: number of updated asset objects reloaded= 0
========================================================================
Received Prepare
Begin MonoManager ReloadAssembly
- Loaded All Assemblies, in  1.064 seconds
Refreshing native plugins compatible for Editor in 3.83 ms, found 7 plugins.
Native extension for WindowsStandalone target not found
Native extension for WebGL target not found
[Package Manager] Failed to launch server process. Reason: Unity was launched with the -noUpm command-line argument
[Package Manager] Unable to send message (not connected to server process).
[Package Manager] Cannot connect to Unity Package Manager local server
Mono: successfully reloaded assembly
- Finished resetting the current domain, in  1.190 seconds
Domain Reload Profiling: 2253ms
	BeginReloadAssembly (326ms)
		ExecutionOrderSort (0ms)
		DisableScriptedObjects (8ms)
		BackupInstance (0ms)
		ReleaseScriptingObjects (0ms)
		CreateAndSetChildDomain (58ms)
	RebuildCommonClasses (47ms)
	RebuildNativeTypeToScriptingClass (14ms)
	initialDomainReloadingComplete (29ms)
	LoadAllAssembliesAndSetupDomain (647ms)
		LoadAssemblies (563ms)
		RebuildTransferFunctionScriptingTraits (0ms)
		AnalyzeDomain (270ms)
			TypeCache.Refresh (10ms)
				TypeCache.ScanAssembly (0ms)
			BuildScriptInfoCaches (243ms)
			ResolveRequiredComponents (13ms)
	FinalizeReload (1190ms)
		ReleaseScriptCaches (0ms)
		RebuildScriptCaches (0ms)
		SetupLoadedEditorAssemblies (996ms)
			LogAssemblyErrors (0ms)
			InitializePlatformSupportModulesInManaged (3ms)
			SetLoadedEditorAssemblies (6ms)
			BeforeProcessingInitializeOnLoad (171ms)
			ProcessInitializeOnLoadAttributes (736ms)
			ProcessInitializeOnLoadMethodAttributes (77ms)
			AfterProcessingInitializeOnLoad (2ms)
			EditorAssembliesLoaded (0ms)
		ExecutionOrderSort2 (0ms)
		AwakeInstancesAfterBackupRestoration (22ms)
WARNING: Shader Unsupported: 'Hidden/Builtin_TerrainVisualization' - All subshaders removed
WARNING: Shader Did you use #pragma only_renderers and omit this platform?
WARNING: Shader If subshaders removal was intentional, you may have forgotten turning Fallback off?
WARNING: Shader Unsupported: 'Hidden/Builtin_TerrainVisualization' - All subshaders removed
WARNING: Shader Did you use #pragma only_renderers and omit this platform?
WARNING: Shader If subshaders removal was intentional, you may have forgotten turning Fallback off?
Refreshing native plugins compatible for Editor in 7.39 ms, found 7 plugins.
Preloading 0 native plugins for Editor in 0.00 ms.
Unloading 37 Unused Serialized files (Serialized files now loaded: 0)
Unloading 6660 unused Assets / (9.4 MB). Loaded Objects now: 7576.
Memory consumption went from 171.5 MB to 162.1 MB.
Total: 27.934700 ms (FindLiveObjects: 2.129100 ms CreateObjectMapping: 2.364900 ms MarkObjects: 13.093300 ms  DeleteObjects: 10.346200 ms)

Prepare: number of updated asset objects reloaded= 0
========================================================================
Received Prepare
Begin MonoManager ReloadAssembly
- Loaded All Assemblies, in  1.018 seconds
Refreshing native plugins compatible for Editor in 4.16 ms, found 7 plugins.
Native extension for WindowsStandalone target not found
Native extension for WebGL target not found
[Package Manager] Failed to launch server process. Reason: Unity was launched with the -noUpm command-line argument
[Package Manager] Unable to send message (not connected to server process).
[Package Manager] Cannot connect to Unity Package Manager local server
Mono: successfully reloaded assembly
- Finished resetting the current domain, in  1.088 seconds
Domain Reload Profiling: 2104ms
	BeginReloadAssembly (271ms)
		ExecutionOrderSort (0ms)
		DisableScriptedObjects (9ms)
		BackupInstance (0ms)
		ReleaseScriptingObjects (0ms)
		CreateAndSetChildDomain (52ms)
	RebuildCommonClasses (51ms)
	RebuildNativeTypeToScriptingClass (17ms)
	initialDomainReloadingComplete (29ms)
	LoadAllAssembliesAndSetupDomain (649ms)
		LoadAssemblies (508ms)
		RebuildTransferFunctionScriptingTraits (0ms)
		AnalyzeDomain (285ms)
			TypeCache.Refresh (13ms)
				TypeCache.ScanAssembly (1ms)
			BuildScriptInfoCaches (255ms)
			ResolveRequiredComponents (12ms)
	FinalizeReload (1088ms)
		ReleaseScriptCaches (0ms)
		RebuildScriptCaches (0ms)
		SetupLoadedEditorAssemblies (886ms)
			LogAssemblyErrors (0ms)
			InitializePlatformSupportModulesInManaged (3ms)
			SetLoadedEditorAssemblies (6ms)
			BeforeProcessingInitializeOnLoad (156ms)
			ProcessInitializeOnLoadAttributes (652ms)
			ProcessInitializeOnLoadMethodAttributes (67ms)
			AfterProcessingInitializeOnLoad (2ms)
			EditorAssembliesLoaded (0ms)
		ExecutionOrderSort2 (0ms)
		AwakeInstancesAfterBackupRestoration (23ms)
WARNING: Shader Unsupported: 'Hidden/Builtin_TerrainVisualization' - All subshaders removed
WARNING: Shader Did you use #pragma only_renderers and omit this platform?
WARNING: Shader If subshaders removal was intentional, you may have forgotten turning Fallback off?
WARNING: Shader Unsupported: 'Hidden/Builtin_TerrainVisualization' - All subshaders removed
WARNING: Shader Did you use #pragma only_renderers and omit this platform?
WARNING: Shader If subshaders removal was intentional, you may have forgotten turning Fallback off?
Refreshing native plugins compatible for Editor in 8.22 ms, found 7 plugins.
Preloading 0 native plugins for Editor in 0.00 ms.
Unloading 37 Unused Serialized files (Serialized files now loaded: 0)
Unloading 6660 unused Assets / (7.3 MB). Loaded Objects now: 7578.
Memory consumption went from 171.6 MB to 164.3 MB.
Total: 23.987800 ms (FindLiveObjects: 1.481400 ms CreateObjectMapping: 2.230500 ms MarkObjects: 13.239600 ms  DeleteObjects: 7.034800 ms)

Prepare: number of updated asset objects reloaded= 0
========================================================================
Received Prepare
Begin MonoManager ReloadAssembly
- Loaded All Assemblies, in  1.046 seconds
Refreshing native plugins compatible for Editor in 3.76 ms, found 7 plugins.
Native extension for WindowsStandalone target not found
Native extension for WebGL target not found
[Package Manager] Failed to launch server process. Reason: Unity was launched with the -noUpm command-line argument
[Package Manager] Unable to send message (not connected to server process).
[Package Manager] Cannot connect to Unity Package Manager local server
Mono: successfully reloaded assembly
- Finished resetting the current domain, in  1.070 seconds
Domain Reload Profiling: 2115ms
	BeginReloadAssembly (325ms)
		ExecutionOrderSort (0ms)
		DisableScriptedObjects (7ms)
		BackupInstance (0ms)
		ReleaseScriptingObjects (0ms)
		CreateAndSetChildDomain (68ms)
	RebuildCommonClasses (56ms)
	RebuildNativeTypeToScriptingClass (15ms)
	initialDomainReloadingComplete (29ms)
	LoadAllAssembliesAndSetupDomain (620ms)
		LoadAssemblies (536ms)
		RebuildTransferFunctionScriptingTraits (0ms)
		AnalyzeDomain (263ms)
			TypeCache.Refresh (9ms)
				TypeCache.ScanAssembly (0ms)
			BuildScriptInfoCaches (237ms)
			ResolveRequiredComponents (13ms)
	FinalizeReload (1071ms)
		ReleaseScriptCaches (0ms)
		RebuildScriptCaches (0ms)
		SetupLoadedEditorAssemblies (887ms)
			LogAssemblyErrors (0ms)
			InitializePlatformSupportModulesInManaged (4ms)
			SetLoadedEditorAssemblies (6ms)
			BeforeProcessingInitializeOnLoad (168ms)
			ProcessInitializeOnLoadAttributes (634ms)
			ProcessInitializeOnLoadMethodAttributes (72ms)
			AfterProcessingInitializeOnLoad (3ms)
			EditorAssembliesLoaded (0ms)
		ExecutionOrderSort2 (0ms)
		AwakeInstancesAfterBackupRestoration (23ms)
WARNING: Shader Unsupported: 'Hidden/Builtin_TerrainVisualization' - All subshaders removed
WARNING: Shader Did you use #pragma only_renderers and omit this platform?
WARNING: Shader If subshaders removal was intentional, you may have forgotten turning Fallback off?
WARNING: Shader Unsupported: 'Hidden/Builtin_TerrainVisualization' - All subshaders removed
WARNING: Shader Did you use #pragma only_renderers and omit this platform?
WARNING: Shader If subshaders removal was intentional, you may have forgotten turning Fallback off?
Refreshing native plugins compatible for Editor in 6.71 ms, found 7 plugins.
Preloading 0 native plugins for Editor in 0.00 ms.
Unloading 37 Unused Serialized files (Serialized files now loaded: 0)
Unloading 6660 unused Assets / (7.8 MB). Loaded Objects now: 7580.
Memory consumption went from 171.7 MB to 163.8 MB.
Total: 22.243100 ms (FindLiveObjects: 1.757800 ms CreateObjectMapping: 2.017800 ms MarkObjects: 11.868800 ms  DeleteObjects: 6.597200 ms)

Prepare: number of updated asset objects reloaded= 0
========================================================================
Received Prepare
Begin MonoManager ReloadAssembly
- Loaded All Assemblies, in  1.044 seconds
Refreshing native plugins compatible for Editor in 3.98 ms, found 7 plugins.
Native extension for WindowsStandalone target not found
Native extension for WebGL target not found
[Package Manager] Failed to launch server process. Reason: Unity was launched with the -noUpm command-line argument
[Package Manager] Unable to send message (not connected to server process).
[Package Manager] Cannot connect to Unity Package Manager local server
Mono: successfully reloaded assembly
- Finished resetting the current domain, in  1.080 seconds
Domain Reload Profiling: 2122ms
	BeginReloadAssembly (315ms)
		ExecutionOrderSort (0ms)
		DisableScriptedObjects (11ms)
		BackupInstance (0ms)
		ReleaseScriptingObjects (0ms)
		CreateAndSetChildDomain (60ms)
	RebuildCommonClasses (41ms)
	RebuildNativeTypeToScriptingClass (14ms)
	initialDomainReloadingComplete (34ms)
	LoadAllAssembliesAndSetupDomain (638ms)
		LoadAssemblies (535ms)
		RebuildTransferFunctionScriptingTraits (0ms)
		AnalyzeDomain (280ms)
			TypeCache.Refresh (11ms)
				TypeCache.ScanAssembly (0ms)
			BuildScriptInfoCaches (252ms)
			ResolveRequiredComponents (12ms)
	FinalizeReload (1080ms)
		ReleaseScriptCaches (0ms)
		RebuildScriptCaches (0ms)
		SetupLoadedEditorAssemblies (897ms)
			LogAssemblyErrors (0ms)
			InitializePlatformSupportModulesInManaged (3ms)
			SetLoadedEditorAssemblies (7ms)
			BeforeProcessingInitializeOnLoad (168ms)
			ProcessInitializeOnLoadAttributes (640ms)
			ProcessInitializeOnLoadMethodAttributes (75ms)
			AfterProcessingInitializeOnLoad (3ms)
			EditorAssembliesLoaded (0ms)
		ExecutionOrderSort2 (0ms)
		AwakeInstancesAfterBackupRestoration (23ms)
WARNING: Shader Unsupported: 'Hidden/Builtin_TerrainVisualization' - All subshaders removed
WARNING: Shader Did you use #pragma only_renderers and omit this platform?
WARNING: Shader If subshaders removal was intentional, you may have forgotten turning Fallback off?
WARNING: Shader Unsupported: 'Hidden/Builtin_TerrainVisualization' - All subshaders removed
WARNING: Shader Did you use #pragma only_renderers and omit this platform?
WARNING: Shader If subshaders removal was intentional, you may have forgotten turning Fallback off?
Refreshing native plugins compatible for Editor in 7.28 ms, found 7 plugins.
Preloading 0 native plugins for Editor in 0.00 ms.
Unloading 37 Unused Serialized files (Serialized files now loaded: 0)
Unloading 6660 unused Assets / (7.1 MB). Loaded Objects now: 7582.
Memory consumption went from 171.7 MB to 164.6 MB.
Total: 23.093400 ms (FindLiveObjects: 1.489000 ms CreateObjectMapping: 2.683800 ms MarkObjects: 12.846400 ms  DeleteObjects: 6.072700 ms)

Prepare: number of updated asset objects reloaded= 0
========================================================================
Received Prepare
Begin MonoManager ReloadAssembly
- Loaded All Assemblies, in  1.144 seconds
Refreshing native plugins compatible for Editor in 4.04 ms, found 7 plugins.
Native extension for WindowsStandalone target not found
Native extension for WebGL target not found
[Package Manager] Failed to launch server process. Reason: Unity was launched with the -noUpm command-line argument
[Package Manager] Unable to send message (not connected to server process).
[Package Manager] Cannot connect to Unity Package Manager local server
Mono: successfully reloaded assembly
- Finished resetting the current domain, in  1.135 seconds
Domain Reload Profiling: 2278ms
	BeginReloadAssembly (292ms)
		ExecutionOrderSort (0ms)
		DisableScriptedObjects (12ms)
		BackupInstance (0ms)
		ReleaseScriptingObjects (0ms)
		CreateAndSetChildDomain (58ms)
	RebuildCommonClasses (48ms)
	RebuildNativeTypeToScriptingClass (21ms)
	initialDomainReloadingComplete (39ms)
	LoadAllAssembliesAndSetupDomain (743ms)
		LoadAssemblies (596ms)
		RebuildTransferFunctionScriptingTraits (0ms)
		AnalyzeDomain (300ms)
			TypeCache.Refresh (16ms)
				TypeCache.ScanAssembly (1ms)
			BuildScriptInfoCaches (245ms)
			ResolveRequiredComponents (34ms)
	FinalizeReload (1136ms)
		ReleaseScriptCaches (0ms)
		RebuildScriptCaches (0ms)
		SetupLoadedEditorAssemblies (930ms)
			LogAssemblyErrors (0ms)
			InitializePlatformSupportModulesInManaged (4ms)
			SetLoadedEditorAssemblies (6ms)
			BeforeProcessingInitializeOnLoad (171ms)
			ProcessInitializeOnLoadAttributes (676ms)
			ProcessInitializeOnLoadMethodAttributes (70ms)
			AfterProcessingInitializeOnLoad (3ms)
			EditorAssembliesLoaded (0ms)
		ExecutionOrderSort2 (0ms)
		AwakeInstancesAfterBackupRestoration (26ms)
WARNING: Shader Unsupported: 'Hidden/Builtin_TerrainVisualization' - All subshaders removed
WARNING: Shader Did you use #pragma only_renderers and omit this platform?
WARNING: Shader If subshaders removal was intentional, you may have forgotten turning Fallback off?
WARNING: Shader Unsupported: 'Hidden/Builtin_TerrainVisualization' - All subshaders removed
WARNING: Shader Did you use #pragma only_renderers and omit this platform?
WARNING: Shader If subshaders removal was intentional, you may have forgotten turning Fallback off?
Refreshing native plugins compatible for Editor in 7.37 ms, found 7 plugins.
Preloading 0 native plugins for Editor in 0.00 ms.
Unloading 37 Unused Serialized files (Serialized files now loaded: 0)
Unloading 6660 unused Assets / (8.1 MB). Loaded Objects now: 7584.
Memory consumption went from 171.7 MB to 163.6 MB.
Total: 21.772600 ms (FindLiveObjects: 1.347600 ms CreateObjectMapping: 1.999000 ms MarkObjects: 10.943600 ms  DeleteObjects: 7.480900 ms)

Prepare: number of updated asset objects reloaded= 0
========================================================================
Received Import Request.
  Time since last request: 2617.828746 seconds.
  path: Assets/HQP STUDIOS/Rocks and Terrains Pack - Low Poly/Models/Rocks/Block Rocks/Snow Block Rocks/Block_Snow_Rock_33.fbx
  artifactKey: Guid(1470f29640900bc4488bf3f10d1b799b) Importer(815301076,1909f56bfc062723c751e8b465ee728b)
Start importing Assets/HQP STUDIOS/Rocks and Terrains Pack - Low Poly/Models/Rocks/Block Rocks/Snow Block Rocks/Block_Snow_Rock_33.fbx using Guid(1470f29640900bc4488bf3f10d1b799b) Importer(815301076,1909f56bfc062723c751e8b465ee728b) (PreviewImporter) -> (artifact id: '26f52b5ab9cb69934371dc8b5efea500') in 1.4669696 seconds
Number of updated asset objects reloaded before import = 0Number of asset objects unloaded after import = 9

========================================================================
Received Import Request.
  Time since last request: 0.000044 seconds.
  path: Assets/HQP STUDIOS/Rocks and Terrains Pack - Low Poly/Prefabs/Rocks/Block Rocks/Snow Block Rocks/Block_Snow_Rock_36.prefab
  artifactKey: Guid(d6cf71f347db795429924e5fe672bfeb) Importer(815301076,1909f56bfc062723c751e8b465ee728b)
Start importing Assets/HQP STUDIOS/Rocks and Terrains Pack - Low Poly/Prefabs/Rocks/Block Rocks/Snow Block Rocks/Block_Snow_Rock_36.prefab using Guid(d6cf71f347db795429924e5fe672bfeb) Importer(815301076,1909f56bfc062723c751e8b465ee728b) (PreviewImporter) -> (artifact id: 'ef7e20ab557ff538c6213fd1fc9c8091') in 0.0289029 seconds
Number of updated asset objects reloaded before import = 0Number of asset objects unloaded after import = 15

========================================================================
Received Import Request.
  Time since last request: 0.000078 seconds.
  path: Assets/VFX/NamuFX/StylizedWaterEffects/Prefabs/Bubbles_Burst.prefab
  artifactKey: Guid(673dd86dc0590e84a976de2f8dc35a63) Importer(815301076,1909f56bfc062723c751e8b465ee728b)
Start importing Assets/VFX/NamuFX/StylizedWaterEffects/Prefabs/Bubbles_Burst.prefab using Guid(673dd86dc0590e84a976de2f8dc35a63) Importer(815301076,1909f56bfc062723c751e8b465ee728b) (PreviewImporter) -> (artifact id: 'f3c3d4cebaceda3980c85d3560f09a6a') in 0.0522734 seconds
Number of updated asset objects reloaded before import = 0Number of asset objects unloaded after import = 17

========================================================================
Received Import Request.
  Time since last request: 0.000028 seconds.
  path: Assets/VFX/UnityTechnologies/EffectExamples/WeaponEffects/Prefabs/BulletImpactFleshSmallEffect.prefab
  artifactKey: Guid(83e55d3418297934fab882559d009285) Importer(815301076,1909f56bfc062723c751e8b465ee728b)
Start importing Assets/VFX/UnityTechnologies/EffectExamples/WeaponEffects/Prefabs/BulletImpactFleshSmallEffect.prefab using Guid(83e55d3418297934fab882559d009285) Importer(815301076,1909f56bfc062723c751e8b465ee728b) (PreviewImporter) -> (artifact id: '8b4db66288c87546319f89d793d8a88b') in 0.2219504 seconds
Number of updated asset objects reloaded before import = 0Number of asset objects unloaded after import = 30

========================================================================
Received Import Request.
  Time since last request: 0.000053 seconds.
  path: Assets/HQP STUDIOS/Rocks and Terrains Pack - Low Poly/Prefabs/Rocks/Block Rocks/Snow Block Rocks/Block_Snow_Rock_33.prefab
  artifactKey: Guid(010d6c01a5199094bafe58ae7f700a54) Importer(815301076,1909f56bfc062723c751e8b465ee728b)
Start importing Assets/HQP STUDIOS/Rocks and Terrains Pack - Low Poly/Prefabs/Rocks/Block Rocks/Snow Block Rocks/Block_Snow_Rock_33.prefab using Guid(010d6c01a5199094bafe58ae7f700a54) Importer(815301076,1909f56bfc062723c751e8b465ee728b) (PreviewImporter) -> (artifact id: '137b0adbf31eab7dccfcbdf02f8bb6b1') in 0.0360488 seconds
Number of updated asset objects reloaded before import = 0Number of asset objects unloaded after import = 15

========================================================================
Received Import Request.
  Time since last request: 0.000061 seconds.
  path: Assets/VFX/NamuFX/StylizedWaterEffects/Prefabs/Bubbles_Vertical_Loop.prefab
  artifactKey: Guid(a500764f1a0d3654db7718249e73c3d3) Importer(815301076,1909f56bfc062723c751e8b465ee728b)
Start importing Assets/VFX/NamuFX/StylizedWaterEffects/Prefabs/Bubbles_Vertical_Loop.prefab using Guid(a500764f1a0d3654db7718249e73c3d3) Importer(815301076,1909f56bfc062723c751e8b465ee728b) (PreviewImporter) -> (artifact id: '47ab2057bf6131d84a8714ad212e0991') in 0.0560659 seconds
Number of updated asset objects reloaded before import = 0Number of asset objects unloaded after import = 17

========================================================================
Received Import Request.
  Time since last request: 0.000040 seconds.
  path: Assets/HQP STUDIOS/Rocks and Terrains Pack - Low Poly/Prefabs/Rocks/Block Rocks/Snow Block Rocks/Block_Snow_Rock_35.prefab
  artifactKey: Guid(aa90db33285aceb40b4ad2f43991b6a8) Importer(815301076,1909f56bfc062723c751e8b465ee728b)
Start importing Assets/HQP STUDIOS/Rocks and Terrains Pack - Low Poly/Prefabs/Rocks/Block Rocks/Snow Block Rocks/Block_Snow_Rock_35.prefab using Guid(aa90db33285aceb40b4ad2f43991b6a8) Importer(815301076,1909f56bfc062723c751e8b465ee728b) (PreviewImporter) -> (artifact id: '662c0e32f8bff63758247236d921949f') in 0.0357479 seconds
Number of updated asset objects reloaded before import = 0Number of asset objects unloaded after import = 15

========================================================================
Received Import Request.
  Time since last request: 0.000055 seconds.
  path: Assets/VFX/UnityTechnologies/EffectExamples/WeaponEffects/Prefabs/BulletImpactMetalEffect.prefab
  artifactKey: Guid(02a509a7fa70ed740ba4197e20c5d32d) Importer(815301076,1909f56bfc062723c751e8b465ee728b)
Start importing Assets/VFX/UnityTechnologies/EffectExamples/WeaponEffects/Prefabs/BulletImpactMetalEffect.prefab using Guid(02a509a7fa70ed740ba4197e20c5d32d) Importer(815301076,1909f56bfc062723c751e8b465ee728b) (PreviewImporter) -> (artifact id: 'adabe86c04d1aafbef5d7efc762e1c91') in 14.8760254 seconds
Number of updated asset objects reloaded before import = 0Number of asset objects unloaded after import = 22

========================================================================
Received Prepare
WARNING: Shader Unsupported: 'Hidden/Builtin_TerrainVisualization' - All subshaders removed
WARNING: Shader Did you use #pragma only_renderers and omit this platform?
WARNING: Shader If subshaders removal was intentional, you may have forgotten turning Fallback off?
WARNING: Shader Unsupported: 'Hidden/Builtin_TerrainVisualization' - All subshaders removed
WARNING: Shader Did you use #pragma only_renderers and omit this platform?
WARNING: Shader If subshaders removal was intentional, you may have forgotten turning Fallback off?
Refreshing native plugins compatible for Editor in 6.51 ms, found 7 plugins.
Preloading 0 native plugins for Editor in 0.00 ms.
Unloading 38 Unused Serialized files (Serialized files now loaded: 0)
Unloading 6644 unused Assets / (5.1 MB). Loaded Objects now: 7727.
Memory consumption went from 178.1 MB to 173.0 MB.
Total: 25.928700 ms (FindLiveObjects: 1.603100 ms CreateObjectMapping: 2.122700 ms MarkObjects: 16.779500 ms  DeleteObjects: 5.421200 ms)

Prepare: number of updated asset objects reloaded= 0
========================================================================
Received Prepare
Begin MonoManager ReloadAssembly
- Loaded All Assemblies, in  2.032 seconds
Refreshing native plugins compatible for Editor in 10.48 ms, found 7 plugins.
Native extension for WindowsStandalone target not found
Native extension for WebGL target not found
[Package Manager] Failed to launch server process. Reason: Unity was launched with the -noUpm command-line argument
[Package Manager] Unable to send message (not connected to server process).
[Package Manager] Cannot connect to Unity Package Manager local server
Mono: successfully reloaded assembly
- Finished resetting the current domain, in  2.610 seconds
Domain Reload Profiling: 4639ms
	BeginReloadAssembly (646ms)
		ExecutionOrderSort (0ms)
		DisableScriptedObjects (38ms)
		BackupInstance (0ms)
		ReleaseScriptingObjects (0ms)
		CreateAndSetChildDomain (178ms)
	RebuildCommonClasses (90ms)
	RebuildNativeTypeToScriptingClass (27ms)
	initialDomainReloadingComplete (61ms)
	LoadAllAssembliesAndSetupDomain (1204ms)
		LoadAssemblies (1033ms)
		RebuildTransferFunctionScriptingTraits (0ms)
		AnalyzeDomain (477ms)
			TypeCache.Refresh (17ms)
				TypeCache.ScanAssembly (1ms)
			BuildScriptInfoCaches (424ms)
			ResolveRequiredComponents (29ms)
	FinalizeReload (2611ms)
		ReleaseScriptCaches (0ms)
		RebuildScriptCaches (0ms)
		SetupLoadedEditorAssemblies (2151ms)
			LogAssemblyErrors (0ms)
			InitializePlatformSupportModulesInManaged (6ms)
			SetLoadedEditorAssemblies (46ms)
			BeforeProcessingInitializeOnLoad (592ms)
			ProcessInitializeOnLoadAttributes (1367ms)
			ProcessInitializeOnLoadMethodAttributes (134ms)
			AfterProcessingInitializeOnLoad (6ms)
			EditorAssembliesLoaded (1ms)
		ExecutionOrderSort2 (0ms)
		AwakeInstancesAfterBackupRestoration (73ms)
WARNING: Shader Unsupported: 'Hidden/Builtin_TerrainVisualization' - All subshaders removed
WARNING: Shader Did you use #pragma only_renderers and omit this platform?
WARNING: Shader If subshaders removal was intentional, you may have forgotten turning Fallback off?
WARNING: Shader Unsupported: 'Hidden/Builtin_TerrainVisualization' - All subshaders removed
WARNING: Shader Did you use #pragma only_renderers and omit this platform?
WARNING: Shader If subshaders removal was intentional, you may have forgotten turning Fallback off?
Refreshing native plugins compatible for Editor in 7.79 ms, found 7 plugins.
Preloading 0 native plugins for Editor in 0.00 ms.
Unloading 37 Unused Serialized files (Serialized files now loaded: 0)
Unloading 6661 unused Assets / (7.5 MB). Loaded Objects now: 7609.
Memory consumption went from 172.7 MB to 165.2 MB.
Total: 24.938500 ms (FindLiveObjects: 1.392000 ms CreateObjectMapping: 2.081200 ms MarkObjects: 13.656700 ms  DeleteObjects: 7.806600 ms)

Prepare: number of updated asset objects reloaded= 0
========================================================================
Received Prepare
WARNING: Shader Unsupported: 'Hidden/Builtin_TerrainVisualization' - All subshaders removed
WARNING: Shader Did you use #pragma only_renderers and omit this platform?
WARNING: Shader If subshaders removal was intentional, you may have forgotten turning Fallback off?
WARNING: Shader Unsupported: 'Hidden/Builtin_TerrainVisualization' - All subshaders removed
WARNING: Shader Did you use #pragma only_renderers and omit this platform?
WARNING: Shader If subshaders removal was intentional, you may have forgotten turning Fallback off?
Refreshing native plugins compatible for Editor in 102.61 ms, found 7 plugins.
Preloading 0 native plugins for Editor in 0.00 ms.
Unloading 37 Unused Serialized files (Serialized files now loaded: 0)
Unloading 6643 unused Assets / (4.6 MB). Loaded Objects now: 7609.
Memory consumption went from 172.6 MB to 168.0 MB.
Total: 23.091000 ms (FindLiveObjects: 1.544000 ms CreateObjectMapping: 2.389800 ms MarkObjects: 12.668700 ms  DeleteObjects: 6.487000 ms)

Prepare: number of updated asset objects reloaded= 0
Editor requested this worker to shutdown with reason: Scaling down because of idle timeout
AssetImportWorker is now disconnected from the server
Process exiting
Exiting without the bug reporter. Application will terminate with return code 0